INSERT INTO Utente (mail, nome, cognome, stato, password, nickname, followers, following) VALUES 
	('msier0@fotki.com', 'Malinda', 'Sier', 'HK', '0PwstJO', 'msier0', 19, 684),
	('aabbie1@goodreads.com', 'Aprilette', 'Abbie', 'CN', 'VSdEPik4d6T', 'aabbie1', 446, 72),
	('dscholfield2@opera.com', 'Donal', 'Scholfield', 'PT', 'J0oX2Do', 'dscholfield2', 624, 531),
	('pspellacey3@issuu.com', 'Paul', 'Spellacey', 'ID', '5R9Eu6KjLL', 'pspellacey3', 44, 441),
	('kmalyj4@adobe.com', 'Kristien', 'Malyj', 'GB', 'VkLWE8', 'kmalyj4', 582, 714),
	('tluetkemeyer5@discuz.net', 'Tracey', 'Luetkemeyer', 'BR', 'kKnaQKCW', 'tluetkemeyer5', 915, 401),
	('ydorton6@disqus.com', 'Yorgos', 'Dorton', 'ID', 'pyyMH5T5aOu', 'ydorton6', 911, 965),
	('jgaythwaite7@whitehouse.gov', 'Joycelin', 'Gaythwaite', 'GM', 'k0tSxW', 'jgaythwaite7', 915, 699),
	('ksecret8@t-online.de', 'Kimbra', 'Secret', 'JP', '7g1Auwl5g', 'ksecret8', 50, 354),
	('iespy9@reuters.com', 'Ingar', 'Espy', 'RU', 'mZxivT8m', 'iespy9', 365, 977),
	('grosenhaupta@jalbum.net', 'Gratia', 'Rosenhaupt', 'UY', 'iTVVXyL', 'grosenhaupta', 717, 485),
	('jcriminb@economist.com', 'Jaine', 'Crimin', 'CN', 'zb2FNF8qM', 'jcriminb', 127, 605),
	('lshanksc@dropbox.com', 'Lelah', 'Shanks', 'NZ', 'al4cFZ5z', 'lshanksc', 274, 373),
	('fnastd@usatoday.com', 'Faber', 'Nast', 'PH', '0sUITas', 'fnastd', 572, 69),
	('ogriniove@sakura.ne.jp', 'Oliviero', 'Griniov', 'US', 'fvBTUL2YBP', 'ogriniove', 260, 281),
	('afoxallf@twitter.com', 'Ax', 'Foxall', 'BR', 'qB3IPzOQxZN', 'afoxallf', 77, 845),
	('ahuycheg@geocities.jp', 'Ambrosius', 'Huyche', 'EC', 'yDstYoby', 'ahuycheg', 419, 183),
	('jkermith@wunderground.com', 'Jolee', 'Kermit', 'CN', 'YsT6vDpGwc2M', 'jkermith', 844, 239),
	('escoblei@weebly.com', 'Elspeth', 'Scoble', 'CN', 'vAgVdSU', 'escoblei', 663, 881),
	('jtimlettj@sourceforge.net', 'Jorey', 'Timlett', 'CN', 'omvdPlrniI', 'jtimlettj', 914, 585),
	('wmalyk@hubpages.com', 'Welby', 'Maly', 'ID', 'xtvdl63f', 'wmalyk', 434, 289),
	('cmenisl@cdc.gov', 'Cyril', 'Menis', 'CZ', '8QK5SXwaRaVo', 'cmenisl', 772, 885),
	('lfollinm@nationalgeographic.com', 'Lorelei', 'Follin', 'RU', '8dZlYRdU9V', 'lfollinm', 919, 771),
	('ljowittn@bloglovin.com', 'Leigh', 'Jowitt', 'ID', 'jJCrpHmN', 'ljowittn', 606, 131),
	('bwhitmarsho@reference.com', 'Berny', 'Whitmarsh', 'ID', 'WCEWSaZrZ', 'bwhitmarsho', 806, 732),
	('jlumlyp@yellowbook.com', 'Janelle', 'Lumly', 'RU', 'UCDMA6LFDYvV', 'jlumlyp', 900, 223),
	('zjeppsq@elegantthemes.com', 'Zebulon', 'Jepps', 'ID', 'v39F1SfH', 'zjeppsq', 845, 891),
	('hhallorr@house.gov', 'Hermann', 'Hallor', 'CL', 'BR8Y7lTc', 'hhallorr', 113, 321),
	('esyslands@dailymail.co.uk', 'Erin', 'Sysland', 'CN', 'ytgRmwJ', 'esyslands', 518, 403),
	('darstallt@house.gov', 'Dianna', 'Arstall', 'CA', 'xIYpr3ZEYC', 'darstallt', 48, 38),
	('mokelleheru@networkadvertising.org', 'Mikol', 'O'' Kelleher', 'CO', 'qOcTEk6pgjH1', 'mokelleheru', 84, 80),
	('lwellerv@huffingtonpost.com', 'Lin', 'Weller', 'CN', 'S3CmhyEC', 'lwellerv', 137, 227),
	('lpinkettw@theglobeandmail.com', 'Lacee', 'Pinkett', 'CZ', 'dqMh166V2', 'lpinkettw', 974, 46),
	('lboughtflowerx@cdc.gov', 'Lisabeth', 'Boughtflower', 'US', 'EZQfETmIl', 'lboughtflowerx', 869, 323),
	('oshankliny@domainmarket.com', 'Oby', 'Shanklin', 'CN', 'uETKvRLC', 'oshankliny', 241, 344),
	('gisacqz@google.co.uk', 'Gustave', 'Isacq', 'CN', 'EH524lSWrIc', 'gisacqz', 881, 915),
	('bsimoneau10@google.ca', 'Baxter', 'Simoneau', 'RU', 'xnN4etjR', 'bsimoneau10', 767, 56),
	('jtayt11@marketwatch.com', 'Janith', 'Tayt', 'PT', '6dwMf1hKeIj', 'jtayt11', 708, 292),
	('rolsson12@arizona.edu', 'Raynard', 'Olsson', 'FM', 'F4D3pKSMwZ2', 'rolsson12', 958, 786),
	('sblamphin13@yahoo.co.jp', 'Silvanus', 'Blamphin', 'PH', 'V7a54G9TyeU', 'sblamphin13', 359, 753),
	('gheatherington14@cloudflare.com', 'Garner', 'Heatherington', 'PH', 'yqUYr9RUPr', 'gheatherington14', 110, 695),
	('charbin15@bloglines.com', 'Cammi', 'Harbin', 'ID', 'x1sns19WGh', 'charbin15', 459, 47),
	('sduns16@google.com.br', 'Seumas', 'Duns', 'CN', '6HZQwGaMZr5S', 'sduns16', 67, 62),
	('hrousel17@nytimes.com', 'Heywood', 'Rousel', 'HU', '9GcK2552', 'hrousel17', 783, 727),
	('blandon18@soup.io', 'Briney', 'Landon', 'US', 'N1EJMG', 'blandon18', 327, 81),
	('manderbrugge19@vistaprint.com', 'Moss', 'Anderbrugge', 'ID', 'h8eR1D', 'manderbrugge19', 190, 378),
	('dcooney1a@drupal.org', 'Dulcy', 'Cooney', 'CN', 'xyIo4UZ', 'dcooney1a', 454, 664),
	('lstothert1b@scientificamerican.com', 'Lia', 'Stothert', 'CN', 'wbu61n35lmE', 'lstothert1b', 553, 981),
	('charradence1c@friendfeed.com', 'Christy', 'Harradence', 'BR', 'kCQZmAWoX', 'charradence1c', 649, 289),
	('ehuxley1d@icq.com', 'Erich', 'Huxley', 'US', 'pP5s1L', 'ehuxley1d', 767, 883),
	('cdelleschi1e@nbcnews.com', 'Coleen', 'Delleschi', 'PT', 'rD4l9sVTys', 'cdelleschi1e', 440, 602),
	('rneligan1f@kickstarter.com', 'Robinson', 'Neligan', 'UY', 'b3494HRaL', 'rneligan1f', 75, 600),
	('brawne1g@mozilla.org', 'Brandea', 'Rawne', 'TH', 'TeU7j2MMd', 'brawne1g', 57, 513),
	('escammell1h@rakuten.co.jp', 'Emili', 'Scammell', 'ID', 'Ujivr4nIfY', 'escammell1h', 587, 589),
	('wbernucci1i@trellian.com', 'Winni', 'Bernucci', 'JO', '21GnP0tE5', 'wbernucci1i', 549, 577),
	('sbeltzner1j@chicagotribune.com', 'Shannan', 'Beltzner', 'SI', 'ReHeytUO9G', 'sbeltzner1j', 414, 893),
	('abickerton1k@storify.com', 'Abbie', 'Bickerton', 'RU', 'VybSrm5yMR', 'abickerton1k', 362, 963),
	('adargie1l@g.co', 'Ambrose', 'Dargie', 'MX', 'RTKL4U', 'adargie1l', 809, 777),
	('owhiffin1m@odnoklassniki.ru', 'Orlando', 'Whiffin', 'CN', 'PuaXiTDsb', 'owhiffin1m', 376, 487),
	('dobray1n@topsy.com', 'Dag', 'Obray', 'CN', 'DnkjAwtvIGs', 'dobray1n', 204, 667),
	('lgreenley1o@state.tx.us', 'Lorry', 'Greenley', 'BR', 'aZD4FT8', 'lgreenley1o', 87, 542),
	('abroadey1p@toplist.cz', 'Agustin', 'Broadey', 'ID', '3t3QyVmDgNc', 'abroadey1p', 641, 954),
	('amcgraffin1q@upenn.edu', 'Andriette', 'McGraffin', 'TH', 'mYUL3tydMM35', 'amcgraffin1q', 696, 100),
	('jchattoe1r@cdc.gov', 'Jana', 'Chattoe', 'JM', 'lmtljW5', 'jchattoe1r', 227, 87),
	('yolkowicz1s@webnode.com', 'Yorgos', 'Olkowicz', 'ID', 'ioJSYSk2GoGU', 'yolkowicz1s', 637, 845),
	('cflewitt1t@bloomberg.com', 'Chas', 'Flewitt', 'ID', 'L8r8DrmBp', 'cflewitt1t', 316, 406),
	('mlorens1u@pen.io', 'Mimi', 'Lorens', 'FR', 'kWNSEia', 'mlorens1u', 437, 472),
	('cianetti1v@yandex.ru', 'Colby', 'Ianetti', 'UA', 'FpGn7mg', 'cianetti1v', 18, 543),
	('cholde1w@wikipedia.org', 'Cale', 'Holde', 'ID', 'wUtdzb', 'cholde1w', 448, 395),
	('fflewett1x@loc.gov', 'Fletch', 'Flewett', 'VN', 'rFYI4eK4Or', 'fflewett1x', 106, 462),
	('awethered1y@globo.com', 'Agretha', 'Wethered', 'CN', '9wQmzxQV', 'awethered1y', 901, 92),
	('gmcaleese1z@merriam-webster.com', 'Gerta', 'McAleese', 'LV', 't5EgvsFWOy', 'gmcaleese1z', 847, 352),
	('lcamelia20@addtoany.com', 'Leif', 'Camelia', 'ID', 'sGcKWEiW5QM', 'lcamelia20', 252, 438),
	('asqueers21@statcounter.com', 'Alanson', 'Squeers', 'MZ', 'DjD83bZsy', 'asqueers21', 82, 47),
	('abrownlee22@berkeley.edu', 'Adolphus', 'Brownlee', 'KE', 'fmMpU6iKV', 'abrownlee22', 533, 140),
	('bdelph23@myspace.com', 'Brittan', 'Delph', 'CN', 'cBg06VsTDsz', 'bdelph23', 366, 604),
	('ckiendl24@jigsy.com', 'Caterina', 'Kiendl', 'BR', '9Ys24LZ8NdK', 'ckiendl24', 797, 877),
	('dadamo25@sbwire.com', 'Daffi', 'Adamo', 'ES', 'nuUnqoIV9F', 'dadamo25', 42, 693),
	('sparade26@domainmarket.com', 'Stephi', 'Parade', 'CN', 'RwnV6Z', 'sparade26', 38, 796),
	('dtipping27@vkontakte.ru', 'Daisey', 'Tipping', 'CN', 'gvgWT3SL', 'dtipping27', 73, 505),
	('rbeswell28@netscape.com', 'Roselia', 'Beswell', 'RU', 'n1qVE8', 'rbeswell28', 363, 437),
	('ishimwell29@typepad.com', 'Ira', 'Shimwell', 'RU', 'vlCqY86rCFfA', 'ishimwell29', 60, 246),
	('kbillborough2a@gmpg.org', 'Karlotte', 'Billborough', 'ID', 'VeIDmzcdiZ8G', 'kbillborough2a', 715, 808),
	('cpetran2b@blog.com', 'Cherilynn', 'Petran', 'CN', 'ESoTruEPsEu', 'cpetran2b', 114, 234),
	('mbrewster2c@google.co.uk', 'Meagan', 'Brewster', 'BR', 'Xeqb1wbPMdpY', 'mbrewster2c', 7, 562),
	('lpynn2d@last.fm', 'Lombard', 'Pynn', 'GR', 'lVoCHih', 'lpynn2d', 817, 650),
	('lkinglesyd2e@vk.com', 'Lynnea', 'Kinglesyd', 'CN', 'JgDYzasL8', 'lkinglesyd2e', 645, 66),
	('fluciano2f@shareasale.com', 'Fredek', 'Luciano', 'CN', 'JKE79oOaH1zi', 'fluciano2f', 516, 455),
	('lrabbe2g@godaddy.com', 'Link', 'Rabbe', 'PH', 'OJ9Iq0TWQw', 'lrabbe2g', 111, 308),
	('ehawkswood2h@google.co.uk', 'Elvera', 'Hawkswood', 'US', '1iUCWiQgQYx', 'ehawkswood2h', 53, 781),
	('jcockings2i@sun.com', 'Joy', 'Cockings', 'FR', 'Qo6xpt', 'jcockings2i', 818, 654),
	('pbysh2j@de.vu', 'Patrizius', 'Bysh', 'MM', '9ExNUwpnCg', 'pbysh2j', 753, 111),
	('dgeorgius2k@miibeian.gov.cn', 'Demott', 'Georgius', 'PY', '1AdfgKBR', 'dgeorgius2k', 363, 896),
	('glyte2l@oakley.com', 'Garret', 'Lyte', 'RU', 'lOzU3cbW0UCt', 'glyte2l', 125, 606),
	('mgorton2m@angelfire.com', 'Maison', 'Gorton', 'EE', 'ZJyz0l2', 'mgorton2m', 486, 701),
	('cpickersgill2n@oaic.gov.au', 'Catherin', 'Pickersgill', 'PH', 'vZ76F1MItNqt', 'cpickersgill2n', 617, 191),
	('nrogerson2o@sitemeter.com', 'Neila', 'Rogerson', 'BR', '2MT9J445A0v', 'nrogerson2o', 989, 632),
	('rpetrolli2p@apache.org', 'Ramonda', 'Petrolli', 'ID', 'LHWkD71', 'rpetrolli2p', 785, 984),
	('ifocke2q@wp.com', 'Igor', 'Focke', 'CN', 'zKgDVXYL', 'ifocke2q', 650, 908),
	('dcolclough2r@issuu.com', 'Dannye', 'Colclough', 'ID', 'TRjj2qy6g', 'dcolclough2r', 323, 670);
	

INSERT INTO Artista (mail, nome, cognome, stato, password, followers, nome_artista, info, label, ascolti_mensili) VALUES
	('rwisdish0@newyorker.com', 'Remy', 'Wisdish', 'ID', '8OlJBij', 901981, 'Rwidish', 'Enhanced incremental complexity', 143, 683302),
	('ubrumfield1@about.com', 'Ursula', 'Brumfield', 'IE', 'nazX1QtsW', 539231, 'Ubrum', 'Customer-focused 5th generation extranet', 415, 126421),
	('odonnett2@microsoft.com', 'Ollie', 'Donnett', 'CZ', '5LW1WTEv', 767476, 'Odonett', 'Customizable composite Graphical User Interface', 776, 518760),
	('rlaffin3@samsung.com', 'Reeva', 'Laffin', 'RU', '3M0Nkrh', 159056, 'Rlaffin', 'Re-contextualized clear-thinking ability', 743, 351634),
	('kpieche4@deviantart.com', 'Karlan', 'Pieche', 'CO', 'LJWn5qDMC8', 277092, 'Kpieche', 'Programmable impactful groupware', 478, 136822),
	('lwatsam5@hugedomains.com', 'Link', 'Watsam', 'AR', 'yZmkiyo0ST3', 677782, 'Lwatsam', 'Re-contextualized 3rd generation synergy', 371, 861230),
	('zbayldon6@mysql.com', 'Zelda', 'Bayldon', 'FI', '9MJbo8mF9EgD', 822908, 'Zbayldon', 'Expanded uniform flexibility', 857, 301085),
	('cneubigin7@usa.gov', 'Chlo', 'Neubigin', 'JP', '4GG53nMKbG', 939107, 'Cneubigin', 'Profit-focused next generation emulation', 467, 586461),
	('abelfitt9@nydailynews.com', 'Anthe', 'Belfitt', 'NG', 'ECARfg', 736234, 'Abelfitt', 'Horizontal radical definition', 411, 687565),
	('bmilborna@ucsd.edu', 'Barnebas', 'Milborn', 'PT', 'OLKfEh62rn', 362538, 'Bmilborna', 'Public-KEY fresh-thinking utilisation', 864, 997663),
	('rkirkmanb@mozilla.com', 'Ruth', 'Kirkman', 'CN', 'MfPnhQJIFj', 810351, 'Bkirkmanb', 'Switchable heuristic function', 366, 447368),
	('kballintynec@tinyurl.com', 'Ketti', 'Ballintyne', 'CZ', '2DUL9cQV', 45265, 'Ballintynec', 'Future-proofed stable functionalities', 705, 964243),
	('fautied@bandcamp.com', 'Farah', 'Autie', 'PL', 'APKr5yaB99Ih', 660431, 'Fautied', 'Multi-channelled cohesive strategy', 542, 632179),
	('dbaytrope@linkedin.com', 'Darcey', 'Baytrop', 'PL', 'LiPrWLICZHlZ', 339143, 'Bytrope', 'Innovative maximized concept', 214, 997070),
	('dfootf@feedburner.com', 'Denny', 'Foot', 'AM', 'ziWMbgjQj', 486475, 'Footf', 'Multi-tiered motivating strategy', 867, 320478),
	('slowderg@usgs.gov', 'Stillmann', 'Lowder', 'NG', 'K5uacG', 411096, 'Slowderg', 'Focused bandwidth-monitored instruction set', 240, 366868),
	('smallisonh@spotify.com', 'Spenser', 'Mallison', 'PE', 'Mt2g2ne1x5l', 463531, 'Smallisonh', 'Automated heuristic access', 733, 717938),
	('jmurbyi@shutterfly.com', 'Jacenta', 'Murby', 'UA', '0Tlmvd7kUL', 509061, 'Murbyi', 'Re-engineered homogeneous flexibility', 860, 34187),
	('ohorryj@drupal.org', 'Otho', 'Horry', 'HN', 'pVxUc7XZsCr', 499900, 'Ohorryj', 'User-friendly eco-centric policy', 207, 411062),
	('bpatriak@epa.gov', 'Base', 'Patria', 'PL', 'e4ItMouZF', 686523, 'Patriak', 'Expanded full-range hierarchy', 523, 7922),
	('oquarmbyl@constantcontact.com', 'Obadias', 'Quarmby', 'MN', 'f2EXcXnDjDm', 574175, 'Oquarmbyl', 'Multi-layered eco-centric flexibility', 12, 299833),
	('nhaslinm@naver.com', 'Neill', 'Haslin', 'CN', 'BKP3sAGC5U', 356212, 'Nhaslinm', 'Re-contextualized neutral attitude', 976, 907053),
	('njacsonn@hhs.gov', 'Nat', 'Jacson', 'NG', 'wxYbUEA8VW', 364690, 'Jacsonn', 'Digitized interactive solution', 327, 307060),
	('fagiolfingero@nationalgeographic.com', 'Flory', 'Agiolfinger', 'CN', 'OvnXc90pr', 429688, 'Fagiolfingero', 'Innovative 24 hour middleware', 214, 144811),
	('tdogep@patch.com', 'Tybalt', 'Doge', 'CN', 'Mc3XrO', 320573, 'Dogep', 'Diverse grid-enabled process improvement', 98, 380781),
	('vbothaq@live.com', 'Vasilis', 'Botha', 'CN', 'fG7dSFe98e', 582185, 'Thaq', 'Horizontal composite open system', 563, 807508),
	('bmoralesr@nps.gov', 'Babara', 'Morales', 'BG', 'Ulr1ulRxl2Sk', 296356, 'Moralesr', 'Quality-focused 5th generation artificial intelligence', 584, 181885),
	('grabiers@disqus.com', 'Gearalt', 'Rabier', 'PS', '0H4rWMJ', 181406, 'Grabiers', 'Universal discrete initiative', 283, 801530),
	('njammet@theguardian.com', 'Nancie', 'Jamme', 'PH', 'mRjD3QpT8X', 500479, 'Jammet', 'Robust global challenge', 400, 13518),
	('gjollissu@omniture.com', 'Greggory', 'Jolliss', 'CN', '3qEP6Awi', 602184, 'Jollissu', 'Right-sized static initiative', 430, 707205),
	('cbenfellv@nih.gov', 'Cele', 'Benfell', 'UA', 'JFusRDsUJf9', 483923, 'Benfellv', 'Ergonomic multimedia open system', 638, 418008),
	('ecrosdillw@technorati.com', 'Eugenia', 'Crosdill', 'US', 'ppSTaKSF5R', 940892, 'Ecrosdillw', 'Mandatory foreground software', 992, 273609),
	('gbreckenridgex@shinystat.com', 'Galen', 'Breckenridge', 'CN', 'g91AaqGDO2jI', 340443, 'Idgex', 'Cloned explicit groupware', 130, 296576),
	('dvonhindenburgy@pcworld.com', 'Deeanne', 'Von Hindenburg', 'CN', 'trnw9n3jU8lf', 966200, 'Dvonhindenburgy', 'Optimized intangible methodology', 188, 271593),
	('apecholdz@yandex.ru', 'Alyosha', 'Pechold', 'UA', 'cRJfsBmejV', 650713, 'Apecholdz', 'Synergized neutral service-desk', 803, 901137),
	('nstanlock10@about.com', 'Nev', 'Stanlock', 'NG', 'AiFgMmHJ', 446798, 'Stanlock', 'Configurable neutral toolset', 933, 473038),
	('amiddis11@google.com', 'Arleta', 'Middis', 'YE', 'P7kGKt7qLFwY', 283893, 'Amiddis', 'Reactive fault-tolerant instruction set', 61, 4109),
	('cashbee12@nih.gov', 'Charmane', 'Ashbee', 'CN', 'Lk1VZvft', 552422, 'Cashbee', 'Digitized 24/7 moratorium', 893, 662625),
	('shulke13@goo.ne.jp', 'Steffi', 'Hulke', 'KG', 'TriUHap', 518243, 'Shulke', 'Upgradable intangible leverage', 789, 476338),
	('acasseldine14@moonfruit.com', 'Ahmad', 'Casseldine', 'JP', 'l2Sjl5edYM', 60057, 'Acasseldine', 'Pre-emptive cohesive analyzer', 693, 956279),
	('agaspard15@bloglines.com', 'Annamarie', 'Gaspard', 'UG', 'XnfJ8X593Q', 618210, 'Agaspard', 'Face to face dynamic open system', 330, 127986),
	('tcrosfeld16@toplist.cz', 'Todd', 'Crosfeld', 'IE', '7Kge0u52S', 646195, 'Crosfeld', 'Right-sized client-server framework', 687, 647868),
	('cclubbe17@de.vu', 'Cherry', 'Clubbe', 'SY', '1Js6hBh0LU0z', 229466, 'Clubbe', 'Team-oriented zero tolerance alliance', 946, 876787),
	('jcutbush18@java.com', 'June', 'Cutbush', 'TN', 'ekoM2TCPSy', 178691, 'Cutbush', 'Robust 24 hour encryption', 471, 283367),
	('kposner19@elpais.com', 'Kimmi', 'Posner', 'TN', 'JFKApvRX63M', 320474, 'Posne', 'Integrated executive complexity', 934, 255745),
	('ehaslewood1a@springer.com', 'Eldredge', 'Haslewood', 'KM', 'ovGlqCV', 697864, 'Ehaslewooda', 'Public-KEY static contingency', 655, 14008),
	('nwace1b@yellowbook.com', 'Nike', 'Wace', 'UY', 'VkV4oTGInsv', 617529, 'Webex', 'Synchronised neutral protocol', 512, 694446),
	('rhinckesman1c@360.cn', 'Renaud', 'Hinckesman', 'CN', 'FvSTDTLdCa', 400151, 'Rhinckesmanc', 'Persevering non-volatile function', 319, 347452),
	('pbungey1d@arizona.edu', 'Pail', 'Bungey', 'CN', 'DZbPes2', 716517, 'Bungeyd', 'Customizable scalable attitude', 227, 980058);

INSERT INTO Podcaster (mail, nome, cognome, stato, password, followers, nome_podcaster, info) VALUES
	('nbole0@yale.edu', 'Nicola', 'Bole', 'US', 'utvlK0HchO', 146, 'Nbole', 'User-friendly incremental approach'),
	('dmilvarnie1@desdev.cn', 'Dame', 'Milvarnie', 'SE', 'Px7uYlALwFb', 448, 'Dmilvarnie', 'Ergonomic discrete policy'),
	('lisaak2@cnet.com', 'Lenard', 'Isaak', 'PS', 'cI7mQR0Jw', 282, 'Lisaak', 'Synergistic bifurcated paradigm'),
	('cyate3@uol.com.br', 'Cecelia', 'Yate', 'GR', 'mX9kAwu', 662, 'Cyate', 'Ergonomic next generation emulation'),
	('dhendren4@utexas.edu', 'Dionne', 'Hendren', 'PL', 'fdyA0aSrtcvz', 361, 'Dhendren', 'Stand-alone cohesive throughput'),
	('mroelofs5@acquirethisname.com', 'Matti', 'Roelofs', 'AM', 'WnHGtT7BzcD', 979, 'Mroelofs', 'Organic intangible migration'),
	('mcallen6@taobao.com', 'Mireielle', 'Callen', 'CA', 'iiosVtsyUrA', 694, 'Mcallen', 'Innovative bandwidth-monitored middleware'),
	('glehrmann7@xinhuanet.com', 'Gibbie', 'Lehrmann', 'CN', 'bJGAk5', 159, 'Glehrmann', 'Phased multi-tasking circuit'),
	('xseage8@ibm.com', 'Ximenes', 'Seage', 'NG', '6jYi50ML63C', 786, 'Xseage', 'Re-engineered high-level projection'),
	('mscanderet9@google.pl', 'Marjie', 'Scanderet', 'ID', 'pDUR2lNq8', 800, 'Mscanderet', 'Multi-lateral motivating analyzer'),
	('dconkiea@digg.com', 'Dmitri', 'Conkie', 'SE', 'oucyLtD', 61, 'Dconkie', 'Synchronised real-time architecture'),
	('zfluryb@yellowbook.com', 'Zahara', 'Flury', 'BR', 'sCCtyxY3lPN4', 983, 'Zflury', 'De-engineered analyzing intranet'),
	('dsandsallanc@diigo.com', 'Donetta', 'Sands-Allan', 'CN', 'onGVOV08OkN6', 662, 'Dsandsallan', 'Mandatory hybrid frame'),
	('robradaned@va.gov', 'Reggis', 'O''Bradane', 'PA', 'yhvtGFiX2RAj', 330, 'Robradane', 'Persevering analyzing access'),
	('mmaywarde@prweb.com', 'Margot', 'Mayward', 'MG', '0OuK2g', 709, 'Mmayward', 'Cross-group impactful Graphic Interface'),
	('jsmalef@devhub.com', 'Jeanelle', 'Smale', 'JO', 'lXJWni73a0TU', 628, 'Jsmale', 'User-friendly interactive challenge'),
	('kbugsg@nature.com', 'Kean', 'Bugs', 'PT', 'DMfiUFrEe1c', 16, 'Kbugs', 'Grass-roots composite software'),
	('kgauchh@paypal.com', 'Kailey', 'Gauch', 'CN', 'Sk03RcV1l', 385, 'Kgauch', 'Networked radical capacity'),
	('csillitoi@acquirethisname.com', 'Cristi', 'Sillito', 'JP', 'BhQEYTMaiMA', 786, 'Csillito', 'Visionary empowering support'),
	('grougheyj@photobucket.com', 'Granger', 'Roughey', 'PH', 'N0YQ34zutJJl', 285, 'Groughey', 'Team-oriented dedicated superstructure'),
	('mcristofarik@123-reg.co.uk', 'Maure', 'Cristofari', 'CN', 'MuzeUf', 689, 'Mcristofari', 'Customer-focused intermediate Graphic Interface'),
	('achalcraftl@washington.edu', 'Alika', 'Chalcraft', 'RU', 'tdu9yOwu', 406, 'Achalcraft', 'Enhanced hybrid complexity'),
	('snottlem@marriott.com', 'Swen', 'Nottle', 'RS', '5yaoCT8Rd2', 511, 'Snottle', 'Object-based eco-centric instruction set'),
	('bjolln@sun.com', 'Bartholemy', 'Joll', 'GR', 'SiLKigadJ4og', 238, 'Bjoll', 'Organic systematic paradigm'),
	('astiegaro@google.ru', 'Aveline', 'Stiegar', 'LU', 'G0qabT', 445, 'Astiegar', 'Open-architected actuating middleware'),
	('fpiffp@ebay.co.uk', 'Fowler', 'Piff', 'CZ', 'YNVjvN9aWs', 938, 'Fpiff', 'Streamlined full-range intranet'),
	('mjeremaesq@nytimes.com', 'Matthieu', 'Jeremaes', 'CA', 'RKCGB31SWC6', 830, 'Mjeremaes', 'Exclusive actuating database'),
	('rschoberr@51.la', 'Rourke', 'Schober', 'CN', 'dPRjT0oKNjA', 325, 'Rschober', 'Synchronised homogeneous policy'),
	('ewhates@noaa.gov', 'Elisabeth', 'Whate', 'JP', 'IqqxYVrhrY6', 834, 'Ewhate', 'Virtual hybrid instruction set'),
	('fchint@1und1.de', 'Fons', 'Chin', 'ID', 'kyft286', 717, 'Fchin', 'Re-contextualized 5th generation utilisation'),
	('wsidnellu@hp.com', 'Wat', 'Sidnell', 'JP', 'HvXrkTY5', 19, 'Wsidnell', 'Multi-tiered incremental monitoring'),
	('bmurkusv@hostgator.com', 'Brynn', 'Murkus', 'PT', 'uQy1Mr2', 147, 'Bmurkus', 'De-engineered fault-tolerant internet solution'),
	('kmcilwainew@lulu.com', 'Kim', 'McIlwaine', 'CN', '4BXi4lVz0', 849, 'Kmcilwaine', 'Horizontal zero administration paradigm'),
	('alissendenx@over-blog.com', 'Andris', 'Lissenden', 'BY', 'uznXmLFq', 53, 'Alissenden', 'Polarised intermediate workforce'),
	('chardeyy@earthlink.net', 'Charisse', 'Hardey', 'CM', 'bggizTDkrCYs', 746, 'Chardey', 'Sharable upward-trending help-desk'),
	('asleneyz@wordpress.com', 'Ailyn', 'Sleney', 'PK', '96MFvnM7Pf', 593, 'Asleney', 'Implemented scalable customer loyalty'),
	('eashmore10@arizona.edu', 'Ewen', 'Ashmore', 'AR', '44rxuT6dB', 633, 'Eashmore', 'Down-sized methodical synergy'),
	('uhulburt11@qq.com', 'Urson', 'Hulburt', 'MX', '12JhCBXxXk', 365, 'Uhulburt', 'Enhanced systematic capacity'),
	('scovil12@pen.io', 'Sayre', 'Covil', 'BG', 'EuMBlIae', 338, 'Scovil', 'Face to face holistic orchestration'),
	('asalvadori13@princeton.edu', 'Ann', 'Salvadori', 'ID', 'JGEkBrg9dkC', 87, 'Asalvadori', 'Distributed analyzing concept'),
	('crickersy14@printfriendly.com', 'Cassandre', 'Rickersy', 'PK', 'JUTwnN3u5Cv', 270, 'Crickersy', 'Stand-alone even-keeled circuit'),
	('kkimmons15@wikispaces.com', 'Karlene', 'Kimmons', 'MW', '2wtglObsOs0F', 313, 'Kkimmons', 'Sharable multi-state alliance'),
	('scastellan16@google.fr', 'Sherlock', 'Castellan', 'MZ', 'X3VR7inpzVe', 271, 'Scastellan', 'Customizable fault-tolerant open system'),
	('econnick17@simplemachines.org', 'Elane', 'Connick', 'RU', 'A3em8fq9chs', 732, 'Econnick', 'Programmable interactive task-force'),
	('sdeinhardt18@goo.gl', 'Sybila', 'Deinhardt', 'VN', 'Z4c30UG', 1, 'Sdeinhardt', 'Realigned optimizing software'),
	('ffairman19@tripod.com', 'Flora', 'Fairman', 'US', 'Z65qX9', 284, 'Ffairman', 'Advanced eco-centric neural-net'),
	('olefeaver1a@wordpress.org', 'Orel', 'Lefeaver', 'AF', 'bjgrjurBiTr', 912, 'Olefeaver', 'Reactive hybrid strategy'),
	('mdorrance1b@github.com', 'Monique', 'Dorrance', 'ID', 'tbVSoclw', 104, 'Mdorrance', 'Persistent asynchronous task-force'),
	('nnisot1c@unblog.fr', 'Nichols', 'Nisot', 'ID', 'AIqqCe2e', 19, 'Nnisot', 'Assimilated hybrid local area network'),
	('mscreas1d@dion.ne.jp', 'Marley', 'Screas', 'ID', '7JrRQn4lFCs', 648, 'Mscreas', 'Persistent eco-centric encoding');

INSERT INTO Album (titolo, artista, data_pubblicazione) VALUES 
	('sagittis nam congue', 'rwisdish0@newyorker.com', '2021/05/09'),
	('sed augue aliquam', 'odonnett2@microsoft.com', '2020/04/20'),
	('consequat ut nulla', 'rlaffin3@samsung.com', '2021/08/25'),
	('sed accumsan', 'lwatsam5@hugedomains.com', '2022/02/14'),
	('sed sagittis nam', 'zbayldon6@mysql.com', '2021/11/29'),
	('et ultrices posuere', 'abelfitt9@nydailynews.com', '2020/06/08'),
	('pede', 'bmilborna@ucsd.edu', '2022/04/07'),
	('orci luctus et', 'kballintynec@tinyurl.com', '2021/05/15'),
	('vulputate nonummy maecenas', 'lwatsam5@hugedomains.com', '2021/10/27'),
	('in faucibus', 'fautied@bandcamp.com', '2022/05/20'),
	('nam congue risus', 'smallisonh@spotify.com', '2020/03/06'),
	('et ultrices', 'jmurbyi@shutterfly.com', '2020/06/12'),
	('phasellus', 'oquarmbyl@constantcontact.com', '2020/06/12'),
	('nisl', 'fautied@bandcamp.com', '2021/08/21'),
	('vitae ipsum', 'nhaslinm@naver.com', '2021/06/01'),
	('tincidunt', 'jmurbyi@shutterfly.com', '2020/10/25'),
	('ipsum', 'tdogep@patch.com', '2022/04/25'),
	('sollicitudin mi', 'zbayldon6@mysql.com', '2021/09/18'),
	('mi nulla', 'zbayldon6@mysql.com', '2020/05/24'),
	('nisi volutpat', 'bmoralesr@nps.gov', '2022/03/29'),
	('aliquet at', 'cbenfellv@nih.gov', '2020/12/11'),
	('lorem quisque', 'dfootf@feedburner.com', '2021/08/11'),
	('purus sit', 'dfootf@feedburner.com', '2020/06/10'),
	('lobortis', 'rlaffin3@samsung.com', '2020/01/06'),
	('magna at', 'gbreckenridgex@shinystat.com', '2020/11/17'),
	('magna', 'dfootf@feedburner.com', '2021/12/09'),
	('vulputate', 'gbreckenridgex@shinystat.com', '2022/01/27'),
	('sed', 'cclubbe17@de.vu', '2021/08/05'),
	('nisi at', 'agaspard15@bloglines.com', '2022/03/07'),
	('fermentum justo nec', 'zbayldon6@mysql.com', '2021/01/12'),
	('blandit ultrices', 'tdogep@patch.com', '2021/09/23'),
	('id justo', 'bpatriak@epa.gov', '2022/02/15'),
	('amet', 'nhaslinm@naver.com', '2020/09/11'),
	('phasellus id sapien', 'abelfitt9@nydailynews.com', '2020/05/07'),
	('lorem quisque', 'fagiolfingero@nationalgeographic.com', '2022/05/20'),
	('curae', 'cclubbe17@de.vu', '2021/03/17'),
	('turpis donec', 'cashbee12@nih.gov', '2021/08/16'),
	('ultrices', 'fagiolfingero@nationalgeographic.com', '2020/10/08'),
	('duis at', 'dfootf@feedburner.com', '2020/09/28'),
	('massa', 'abelfitt9@nydailynews.com', '2020/03/17'),
	('morbi ut', 'kposner19@elpais.com', '2021/03/03'),
	('pellentesque', 'rkirkmanb@mozilla.com', '2020/09/29'),
	('ullamcorper', 'acasseldine14@moonfruit.com', '2020/04/08'),
	('habitasse platea', 'cashbee12@nih.gov', '2021/10/31'),
	('mi sit amet', 'agaspard15@bloglines.com', '2022/03/04'),
	('lectus pellentesque at', 'rlaffin3@samsung.com', '2020/07/02'),
	('faucibus orci', 'rkirkmanb@mozilla.com', '2020/07/14'),
	('sit amet', 'ecrosdillw@technorati.com', '2021/01/13'),
	('viverra dapibus nulla', 'slowderg@usgs.gov', '2020/04/14'),
	('morbi', 'smallisonh@spotify.com', '2020/05/06'),
	('pellentesque', 'ehaslewood1a@springer.com', '2020/06/07'),
	('nisl duis', 'nstanlock10@about.com', '2022/02/23'),
	('cras', 'abelfitt9@nydailynews.com', '2021/09/12'),
	('metus', 'oquarmbyl@constantcontact.com', '2020/08/31'),
	('mi integer', 'cbenfellv@nih.gov', '2021/12/21'),
	('at vulputate vitae', 'nwace1b@yellowbook.com', '2022/02/18'),
	('risus', 'rhinckesman1c@360.cn', '2021/03/09'),
	('non velit', 'rhinckesman1c@360.cn', '2021/01/24'),
	('interdum', 'nwace1b@yellowbook.com', '2021/09/08'),
	('nulla nisl', 'rwisdish0@newyorker.com', '2020/01/02'),
	('id turpis', 'ehaslewood1a@springer.com', '2021/02/22'),
	('posuere', 'cclubbe17@de.vu', '2021/01/07'),
	('integer aliquet massa', 'gbreckenridgex@shinystat.com', '2021/02/03'),
	('imperdiet et commodo', 'cashbee12@nih.gov', '2020/01/27'),
	('ultrices', 'njammet@theguardian.com', '2021/12/30'),
	('lacus morbi', 'ehaslewood1a@springer.com', '2021/11/25'),
	('semper porta volutpat', 'nwace1b@yellowbook.com', '2021/04/29'),
	('molestie', 'rwisdish0@newyorker.com', '2021/11/16'),
	('nisi nam', 'cashbee12@nih.gov', '2021/03/08'),
	('semper porta volutpat', 'cbenfellv@nih.gov', '2020/12/12'),
	('est', 'cclubbe17@de.vu', '2021/07/22'),
	('elementum eu', 'ubrumfield1@about.com', '2021/01/26'),
	('urna ut', 'acasseldine14@moonfruit.com', '2021/03/09'),
	('convallis duis', 'bmoralesr@nps.gov', '2022/01/05'),
	('orci mauris', 'pbungey1d@arizona.edu', '2021/11/16'),
	('in leo', 'rhinckesman1c@360.cn', '2020/08/13'),
	('libero ut massa', 'grabiers@disqus.com', '2020/10/02'),
	('integer', 'pbungey1d@arizona.edu', '2020/09/15'),
	('ligula', 'ubrumfield1@about.com', '2021/08/08'),
	('duis at', 'pbungey1d@arizona.edu', '2021/05/26'),
	('in lacus curabitur', 'pbungey1d@arizona.edu', '2020/12/29'),
	('imperdiet', 'odonnett2@microsoft.com', '2021/03/23'),
	('sapien', 'rwisdish0@newyorker.com', '2022/02/22'),
	('nulla quisque', 'kpieche4@deviantart.com', '2020/09/13'),
	('magnis', 'nstanlock10@about.com', '2021/02/06'),
	('in', 'odonnett2@microsoft.com', '2021/08/07'),
	('quis justo', 'fautied@bandcamp.com', '2020/07/18'),
	('sit amet', 'rlaffin3@samsung.com', '2021/09/24'),
	('laoreet ut rhoncus', 'rkirkmanb@mozilla.com', '2020/02/04'),
	('curabitur', 'pbungey1d@arizona.edu', '2021/05/27'),
	('sapien', 'grabiers@disqus.com', '2020/12/17'),
	('hendrerit at', 'ubrumfield1@about.com', '2020/04/24'),
	('diam', 'ubrumfield1@about.com', '2020/08/25'),
	('vulputate nonummy', 'cclubbe17@de.vu', '2020/11/21'),
	('bibendum', 'kposner19@elpais.com', '2020/06/03'),
	('etiam', 'amiddis11@google.com', '2020/06/03'),
	('pellentesque eget', 'fautied@bandcamp.com', '2022/04/22'),
	('ligula sit', 'rlaffin3@samsung.com', '2021/10/11'),
	('ut tellus', 'amiddis11@google.com', '2022/02/01'),
	('amet diam in', 'odonnett2@microsoft.com', '2020/08/30');

INSERT INTO Podcast (nome_podcast, podcaster, info) VALUES 
    ('id justo sit', 'cyate3@uol.com.br', 'Right-sized discrete project'),
    ('tellus', 'cyate3@uol.com.br', 'Optimized content-based success'),
    ('phasellus', 'mroelofs5@acquirethisname.com', 'Horizontal mobile hierarchy'),
    ('augue luctus tincidunt', 'xseage8@ibm.com', 'Synergized non-volatile local area network'),
    ('vivamus vestibulum sagittis', 'mscanderet9@google.pl', 'Compatible directional concept'),
    ('ac neque', 'dconkiea@digg.com', 'Fully-configurable stable time-frame'),
    ('nulla integer pede', 'dconkiea@digg.com', 'Implemented static firmware'),
    ('at vulputate vitae', 'zfluryb@yellowbook.com', 'Vision-oriented zero defect model'),
    ('vitae ipsum aliquam', 'dsandsallanc@diigo.com', 'Open-architected system-worthy help-desk'),
    ('faucibus orci', 'zfluryb@yellowbook.com', 'Multi-lateral local toolset'),
    ('vitae ipsum', 'robradaned@va.gov', 'Inverse non-volatile groupware'),
    ('porttitor lorem', 'jsmalef@devhub.com', 'Business-focused needs-based complexity'),
    ('suspendisse', 'kgauchh@paypal.com', 'Mandatory clear-thinking array'),
    ('lacinia', 'grougheyj@photobucket.com', 'Balanced upward-trending adapter'),
    ('in consequat ut', 'grougheyj@photobucket.com', 'Proactive responsive structure'),
    ('feugiat non', 'nbole0@yale.edu', 'Reduced bi-directional local area network'),
    ('sem', 'mcristofarik@123-reg.co.uk', 'Focused web-enabled task-force'),
    ('sapien', 'snottlem@marriott.com', 'Enhanced 4th generation secured line'),
    ('nec dui', 'nbole0@yale.edu', 'Multi-tiered bandwidth-monitored internet solution'),
    ('nibh', 'bjolln@sun.com', 'Realigned 24 hour time-frame'),
    ('diam neque vestibulum', 'kgauchh@paypal.com', 'Down-sized attitude-oriented service-desk'),
    ('sed nisl nunc', 'dmilvarnie1@desdev.cn', 'Open-architected scalable firmware'),
    ('est congue', 'alissendenx@over-blog.com', 'Polarised 6th generation data-warehouse'),
    ('leo', 'jsmalef@devhub.com', 'Business-focused asynchronous definition'),
    ('sapien', 'astiegaro@google.ru', 'Cloned mobile access'),
    ('ac tellus', 'bjolln@sun.com', 'Cross-platform zero tolerance neural-net'),
    ('quis lectus', 'dmilvarnie1@desdev.cn', 'Adaptive reciprocal matrix'),
    ('dui', 'fpiffp@ebay.co.uk', 'Open-source next generation hub'),
    ('pharetra magna', 'mjeremaesq@nytimes.com', 'Enterprise-wide demand-driven forecast'),
    ('amet justo morbi', 'lisaak2@cnet.com', 'Pre-emptive dynamic product'),
    ('leo maecenas', 'rschoberr@51.la', 'Devolved optimal encoding'),
    ('quis', 'ewhates@noaa.gov', 'Networked clear-thinking Graphical User Interface'),
    ('dis', 'kbugsg@nature.com', 'Fully-configurable zero administration migration'),
    ('faucibus orci', 'wsidnellu@hp.com', 'Vision-oriented 24/7 paradigm'),
    ('pharetra', 'wsidnellu@hp.com', 'Exclusive bandwidth-monitored knowledge user'),
    ('a ipsum', 'bmurkusv@hostgator.com', 'Reactive holistic analyzer'),
    ('id nisl', 'kmcilwainew@lulu.com', 'Multi-lateral tangible open architecture'),
    ('libero rutrum ac', 'ewhates@noaa.gov', 'Team-oriented user-facing orchestration'),
    ('eu nibh', 'chardeyy@earthlink.net', 'Synergistic modular paradigm'),
    ('magna vulputate luctus', 'chardeyy@earthlink.net', 'Inverse local structure'),
    ('ante', 'asleneyz@wordpress.com', 'Synergized object-oriented challenge'),
    ('sit', 'eashmore10@arizona.edu', 'Self-enabling holistic ability'),
    ('ultrices', 'uhulburt11@qq.com', 'Streamlined transitional infrastructure'),
    ('diam vitae', 'mroelofs5@acquirethisname.com', 'Grass-roots dedicated support'),
    ('in', 'robradaned@va.gov', 'Profound bandwidth-monitored moderator'),
    ('cursus vestibulum proin', 'kbugsg@nature.com', 'Right-sized real-time moderator'),
    ('consequat', 'uhulburt11@qq.com', 'Realigned zero defect architecture'),
    ('suscipit a feugiat', 'eashmore10@arizona.edu', 'Visionary bottom-line frame'),
    ('turpis a', 'scovil12@pen.io', 'Realigned systemic structure'),
    ('mauris sit', 'asalvadori13@princeton.edu', 'Reactive zero defect projection'),
    ('dolor vel', 'crickersy14@printfriendly.com', 'Advanced bottom-line benchmark'),
    ('vulputate luctus', 'kkimmons15@wikispaces.com', 'Managed optimizing product'),
    ('enim', 'asalvadori13@princeton.edu', 'Synchronised full-range database'),
    ('tortor eu', 'mmaywarde@prweb.com', 'Advanced secondary throughput'),
    ('cras non velit', 'mjeremaesq@nytimes.com', 'Total coherent customer loyalty'),
    ('at feugiat non', 'snottlem@marriott.com', 'Balanced optimal local area network'),
    ('blandit non', 'kmcilwainew@lulu.com', 'Innovative responsive encryption'),
    ('dapibus dolor', 'scovil12@pen.io', 'Integrated heuristic focus group'),
    ('velit eu', 'mmaywarde@prweb.com', 'Business-focused interactive contingency'),
    ('ut', 'csillitoi@acquirethisname.com', 'Exclusive static hierarchy'),
    ('cum sociis', 'scastellan16@google.fr', 'Cross-group intermediate challenge'),
    ('consequat metus sapien', 'econnick17@simplemachines.org', 'Fundamental real-time installation'),
    ('eget rutrum at', 'sdeinhardt18@goo.gl', 'Pre-emptive next generation methodology'),
    ('nullam varius nulla', 'kkimmons15@wikispaces.com', 'Progressive zero defect throughput'),
    ('montes nascetur', 'bjolln@sun.com', 'Automated incremental focus group'),
    ('sit amet', 'xseage8@ibm.com', 'Versatile systematic parallelism'),
    ('sed lacus', 'ffairman19@tripod.com', 'Open-architected 24 hour benchmark'),
    ('imperdiet', 'mcallen6@taobao.com', 'Open-source fresh-thinking open architecture'),
    ('ipsum', 'scastellan16@google.fr', 'Automated discrete local area network'),
    ('sit amet consectetuer', 'asleneyz@wordpress.com', 'Re-engineered web-enabled hierarchy'),
    ('odio', 'olefeaver1a@wordpress.org', 'Seamless intangible task-force'),
    ('vestibulum sit', 'mcristofarik@123-reg.co.uk', 'Enhanced intangible forecast'),
    ('fusce lacus', 'sdeinhardt18@goo.gl', 'Switchable system-worthy internet solution'),
    ('eros elementum pellentesque', 'econnick17@simplemachines.org', 'Reactive actuating synergy'),
    ('sapien', 'dsandsallanc@diigo.com', 'Decentralized bi-directional ability'),
    ('diam neque', 'astiegaro@google.ru', 'Focused zero tolerance algorithm'),
    ('semper interdum', 'mscreas1d@dion.ne.jp', 'Polarised uniform emulation'),
    ('turpis', 'ffairman19@tripod.com', 'Centralized neutral pricing structure'),
    ('rutrum', 'mcallen6@taobao.com', 'Stand-alone zero administration framework'),
    ('in magna bibendum', 'cyate3@uol.com.br', 'Fundamental system-worthy framework'),
    ('integer', 'fchint@1und1.de', 'Secured client-driven infrastructure'),
    ('turpis donec', 'crickersy14@printfriendly.com', 'Networked hybrid parallelism'),
    ('leo', 'achalcraftl@washington.edu', 'Horizontal needs-based moderator'),
    ('enim lorem', 'achalcraftl@washington.edu', 'Phased zero tolerance emulation'),
    ('lobortis', 'mscreas1d@dion.ne.jp', 'Customizable regional artificial intelligence'),
    ('in hac habitasse', 'bjolln@sun.com', 'Secured solution-oriented portal'),
    ('donec', 'csillitoi@acquirethisname.com', 'Monitored systemic matrix'),
    ('interdum mauris ullamcorper', 'chardeyy@earthlink.net', 'Synchronised scalable hardware'),
    ('lobortis vel dapibus', 'nnisot1c@unblog.fr', 'Business-focused cohesive interface'),
    ('purus eu', 'mdorrance1b@github.com', 'Diverse grid-enabled approach'),
    ('vel augue', 'bmurkusv@hostgator.com', 'Exclusive mission-critical function'),
    ('curae', 'mscanderet9@google.pl', 'Ergonomic empowering initiative'),
    ('penatibus et magnis', 'olefeaver1a@wordpress.org', 'Re-contextualized disintermediate solution'),
    ('phasellus id sapien', 'alissendenx@over-blog.com', 'Open-architected well-modulated info-mediaries'),
    ('luctus nec', 'fchint@1und1.de', 'Digitized executive migration'),
    ('nulla mollis molestie', 'jsmalef@devhub.com', 'Business-focused foreground leverage'),
    ('nascetur ridiculus', 'nnisot1c@unblog.fr', 'Right-sized logistical complexity'),
    ('augue luctus tincidunt', 'rschoberr@51.la', 'Down-sized exuding contingency'),
    ('justo', 'mdorrance1b@github.com', 'Grass-roots contextually-based hardware'),
    ('nascetur ridiculus mus', 'lisaak2@cnet.com', 'Quality-focused uniform knowledge base');

INSERT INTO Canzone (titolo, album, durata) VALUES 
    ('purus', 1, 42),
    ('vitae', 1, 226),
    ('etiam', 1, 481),
    ('vivamus in felis', 1, 59),
    ('toro', 1, 544),
    ('eget massa', 2, 103),
    ('erat volutpat', 2, 315),
    ('volutpat convallis', 2, 15),
    ('euismod', 3, 251),
    ('ac', 3, 267),
    ('magnis', 3, 400),
    ('eros', 4, 464),
    ('tincidunt', 4, 498),
    ('enim', 4, 117),
    ('ultrices posuere cubilia', 4, 433),
    ('volutpat', 5, 465),
    ('quis turpis', 5, 368),
    ('id turpis', 5, 585),
    ('mattis odio', 5, 519),
    ('varius integer', 6, 220),
    ('morbi', 6, 371),
    ('ligula', 6, 477),
    ('hac habitasse platea', 6, 544),
    ('adipiscing elit', 7, 541),
    ('sit amet justo', 7, 100),
    ('ut', 7, 545),
    ('mauris sit amet', 7, 33),
    ('volutpat dui', 8, 484),
    ('id turpis', 8, 97),
    ('nulla elit', 8, 184),
    ('velit eu', 9, 384),
    ('eget', 9, 69),
    ('luctus et', 9, 70),
    ('duis bibendum felis', 10, 419),
    ('nec dui luctus', 10, 47),
    ('orci', 10, 554),
    ('posuere cubilia', 11, 533),
    ('nunc proin at', 11, 507),
    ('nunc', 11, 294),
    ('a', 12, 70),
    ('at dolor', 12, 194),
    ('dignissim', 12, 55),
    ('viverra pede', 12, 102),
    ('nisi venenatis', 13, 342),
    ('nulla', 13, 217),
    ('pede posuere nonummy', 13, 205),
    ('ultrices', 13, 192),
    ('morbi quis', 13, 165),
    ('a suscipit nulla', 14, 6),
    ('lobortis convallis tortor', 14, 154),
    ('nisl', 14, 470),
    ('eu nibh', 14, 519),
    ('at', 14, 542),
    ('ut ultrices', 15, 282),
    ('in tempor', 15, 217),
    ('aliquam erat', 15, 568),
    ('commodo vulputate justo', 15, 392),
    ('integer', 15, 575),
    ('donec', 16, 479),
    ('integer ac', 16, 454),
    ('in blandit', 16, 171),
    ('sit amet', 16, 106),
    ('ullamcorper augue', 16, 554),
    ('nec sem duis', 17, 83),
    ('ipsum', 17, 63),
    ('nulla elit ac', 17, 181),
    ('nibh in lectus', 17, 261),
    ('quam', 17, 15),
    ('rutrum', 18, 436),
    ('ac nulla', 18, 144),
    ('duis aliquam', 18, 380),
    ('tellus', 18, 15),
    ('sodales', 19, 145),
    ('augue', 19, 8),
    ('vulputate luctus', 19, 95),
    ('rhoncus aliquet', 20, 238),
    ('ac', 20, 171),
    ('rhoncus', 20, 373),
    ('nulla', 20, 420),
    ('in', 21, 205),
    ('mauris enim leo', 21, 505),
    ('massa volutpat', 21, 151),
    ('nulla suscipit ligula', 22, 1),
    ('interdum', 22, 367),
    ('praesent', 22, 136),
    ('eleifend luctus', 23, 371),
    ('convallis nunc proin', 23, 560),
    ('ultrices erat', 23, 465),
    ('pellentesque eget nunc', 23, 209),
    ('ultrices', 24, 224),
    ('leo pellentesque', 24, 22),
    ('sagittis', 24, 154),
    ('morbi ut', 24, 133),
    ('quis augue luctus', 24, 112),
    ('duis', 25, 530),
    ('erat eros viverra', 25, 107),
    ('molestie', 25, 577),
    ('ultrices', 25, 559),
    ('potenti', 26, 78),
    ('pede libero quis', 26, 324),
    ('odio', 26, 55),
    ('venenatis lacinia aenean', 26, 532),
    ('ut suscipit a', 27, 319),
    ('risus dapibus', 27, 329),
    ('elementum pellentesque', 27, 575),
    ('volutpat convallis morbi', 28, 478),
    ('duis', 28, 542),
    ('in consequat ut', 28, 8),
    ('libero ut', 28, 60),
    ('leo pellentesque', 29, 477),
    ('at feugiat', 29, 271),
    ('at velit', 29, 123),
    ('sollicitudin ut suscipit', 29, 348),
    ('et', 29, 270),
    ('arcu', 30, 305),
    ('lectus', 30, 223),
    ('fusce', 30, 556),
    ('tortor', 31, 57),
    ('consequat', 31, 467),
    ('eleifend quam', 31, 82),
    ('aliquet ultrices', 31, 572),
    ('quis lectus suspendisse', 32, 177),
    ('curae nulla dapibus', 32, 262),
    ('sit', 32, 367),
    ('pharetra magna vestibulum', 32, 595),
    ('maecenas tincidunt lacus', 32, 321),
    ('vel', 33, 544),
    ('platea', 33, 27),
    ('magna', 33, 365),
    ('sem duis aliquam', 33, 483),
    ('ligula', 33, 341),
    ('lorem integer tincidunt', 34, 426),
    ('quis odio consequat', 34, 518),
    ('bibendum', 34, 448),
    ('vel augue vestibulum', 34, 30),
    ('nulla suspendisse potenti', 35, 155),
    ('metus', 35, 286),
    ('luctus cum', 35, 332),
    ('blandit', 35, 573),
    ('dapibus duis', 36, 35),
    ('enim in tempor', 36, 440),
    ('velit donec diam', 36, 298),
    ('et ultrices posuere', 36, 494),
    ('justo sollicitudin ut', 37, 538),
    ('blandit', 37, 280),
    ('eget', 37, 291),
    ('condimentum curabitur', 37, 31),
    ('sit amet', 38, 318),
    ('ante', 38, 420),
    ('sapien', 38, 62),
    ('sit amet sem', 38, 208),
    ('lorem ipsum dolor', 39, 327),
    ('vel nulla', 39, 101),
    ('nisl ut', 39, 60),
    ('leo', 39, 236),
    ('amet', 40, 193),
    ('accumsan odio', 40, 306),
    ('libero quis orci', 40, 482),
    ('elementum eu interdum', 40, 267),
    ('proin eu mi', 41, 408),
    ('donec', 41, 330),
    ('fusce congue', 41, 427),
    ('sociis natoque', 41, 571),
    ('ac nibh', 41, 584),
    ('duis faucibus accumsan', 42, 112),
    ('sed sagittis', 42, 306),
    ('vivamus metus arcu', 42, 182),
    ('diam', 42, 419),
    ('vestibulum sit amet', 42, 222),
    ('cubilia', 43, 208),
    ('semper', 43, 39),
    ('nulla dapibus', 43, 227),
    ('commodo placerat praesent', 43, 415),
    ('ipsum', 43, 506),
    ('tempus', 44, 369),
    ('diam', 44, 478),
    ('proin at turpis', 44, 535),
    ('eu felis fusce', 44, 465),
    ('vel', 44, 98),
    ('lacinia sapien', 45, 335),
    ('odio justo', 45, 591),
    ('sapien non mi', 45, 321),
    ('vel', 46, 187),
    ('orci mauris', 46, 375),
    ('congue diam', 46, 470),
    ('massa', 46, 517),
    ('orci pede venenatis', 47, 45),
    ('ut erat id', 47, 125),
    ('phasellus', 47, 265),
    ('dictumst morbi', 47, 419),
    ('nibh', 47, 95),
    ('donec quis', 47, 222),
    ('id nisl venenatis', 48, 350),
    ('quis lectus suspendisse', 48, 599),
    ('aliquet massa', 48, 284),
    ('nec dui luctus', 48, 586),
    ('etiam', 48, 358),
    ('mauris vulputate elementum', 49, 141),
    ('nisl duis', 49, 417),
    ('nulla sed accumsan', 49, 3),
    ('condimentum neque', 49, 101),
    ('felis', 49, 191),
    ('eget massa tempor', 49, 5),
    ('neque sapien', 49, 424),
    ('cras', 50, 374),
    ('ultrices', 50, 7),
    ('dapibus duis at', 50, 158),
    ('tristique', 50, 120),
    ('donec ut', 50, 373),
    ('consequat in consequat', 51, 406),
    ('bibendum imperdiet', 51, 151),
    ('praesent id massa', 51, 388),
    ('sapien', 51, 363),
    ('donec', 51, 309),
    ('nulla', 52, 371),
    ('a ipsum', 52, 255),
    ('justo sit amet', 52, 321),
    ('hac', 52, 197),
    ('elit proin', 52, 509),
    ('suspendisse accumsan tortor', 53, 84),
    ('metus aenean fermentum', 53, 31),
    ('curae nulla', 53, 3),
    ('dictumst', 53, 476),
    ('vel ipsum praesent', 53, 167),
    ('eros elementum pellentesque', 54, 590),
    ('natoque penatibus et', 54, 62),
    ('facilisi', 54, 38),
    ('nisl ut', 54, 333),
    ('ut nulla sed', 54, 16),
    ('cubilia', 55, 136),
    ('est', 55, 33),
    ('morbi ut', 55, 594),
    ('sapien', 55, 525),
    ('augue', 56, 427),
    ('sodales sed tincidunt', 56, 538),
    ('nunc proin at', 56, 36),
    ('luctus et ultrices', 56, 411),
    ('metus', 56, 310),
    ('aenean', 57, 117),
    ('est quam', 57, 532),
    ('lacus curabitur', 57, 405),
    ('purus aliquet', 57, 223),
    ('augue aliquam', 58, 381),
    ('aliquam', 58, 523),
    ('vestibulum ante', 58, 306),
    ('vel', 58, 195),
    ('volutpat', 59, 527),
    ('nec nisi', 59, 382),
    ('vestibulum velit id', 59, 349),
    ('accumsan felis', 59, 568),
    ('donec pharetra magna', 59, 103),
    ('aliquam convallis', 59, 202),
    ('bibendum', 60, 186),
    ('erat', 60, 378),
    ('eros elementum pellentesque', 60, 174),
    ('amet diam in', 60, 427),
    ('nulla', 60, 469),
    ('volutpat', 61, 358),
    ('eget', 61, 578),
    ('quam pede lobortis', 61, 383),
    ('hac habitasse', 61, 57),
    ('suspendisse ornare', 61, 105),
    ('morbi', 61, 226),
    ('primis', 61, 154),
    ('libero', 62, 291),
    ('molestie', 62, 62),
    ('rutrum at lorem', 62, 229),
    ('consequat metus', 62, 398),
    ('consequat varius', 62, 110),
    ('ultrices posuere cubilia', 62, 96),
    ('non mauris', 62, 328),
    ('donec ut', 63, 505),
    ('vestibulum vestibulum', 63, 162),
    ('in hac', 63, 51),
    ('at', 63, 359),
    ('nonummy', 63, 413),
    ('tristique tortor', 63, 278),
    ('in congue', 64, 576),
    ('semper', 64, 268),
    ('vulputate vitae nisl', 64, 179),
    ('praesent blandit', 64, 385),
    ('xdvr', 64, 104),
    ('sagittis nam congue', 65, 138),
    ('tortor', 65, 70),
    ('ut', 65, 415),
    ('sg4mi', 65, 223),
    ('platea dictumst', 65, 36),
    ('in', 66, 351),
    ('volutpat', 66, 386),
    ('ridiculus mus vivamus', 66, 166),
    ('natoque penatibus et', 66, 249),
    ('pulvinar nulla', 66, 384),
    ('lectus', 67, 417),
    ('nisi nam', 67, 272),
    ('vel nisl', 67, 438),
    ('eu massa donec', 67, 62),
    ('vestibulum', 67, 343),
    ('imperdiet sapien', 67, 14),
    ('id ligula', 68, 91),
    ('augue a', 68, 496),
    ('amet eleifend pede', 68, 204),
    ('vel', 68, 226),
    ('est risus auctor', 68, 419),
    ('morbi quis tortor', 68, 141),
    ('potenti in eleifend', 69, 424),
    ('turpis donec', 69, 134),
    ('ultricies eu', 69, 334),
    ('nibh fusce lacus', 69, 5),
    ('aenean lectus pellentesque', 69, 201),
    ('mafia', 69, 24),
    ('mattis', 70, 390),
    ('lorem', 70, 104),
    ('nulla', 70, 551),
    ('pulvinar', 70, 1),
    ('justo', 70, 410),
    ('in sagittis', 71, 448),
    ('nisl', 71, 355),
    ('ultrices', 71, 389),
    ('habitasse', 71, 370),
    ('suspendisse potenti', 71, 36),
    ('nec molestie sed', 71, 418),
    ('nisi', 71, 441),
    ('tincidunt', 72, 263),
    ('pellentesque viverra pede', 72, 116),
    ('pede', 73, 333),
    ('diam', 73, 382),
    ('in sapien iaculis', 73, 369),
    ('in faucibus orci', 73, 460),
    ('habitasse', 73, 232),
    ('mauris lacinia sapien', 74, 512),
    ('viverra', 74, 597),
    ('felis sed interdum', 74, 282),
    ('congue', 74, 102),
    ('elit', 74, 77),
    ('quis tortor id', 74, 52),
    ('sapien', 74, 185),
    ('imperdiet et', 74, 499),
    ('sapien urna', 74, 127),
    ('nunc donec', 74, 303),
    ('lacus morbi sem', 74, 142),
    ('ut odio', 75, 68),
    ('justo morbi ut', 75, 219),
    ('id ligula suspendisse', 75, 482),
    ('amet', 75, 417),
    ('erat fermentum justo', 75, 498),
    ('luctus et ultrices', 75, 444),
    ('vehicula condimentum', 75, 598),
    ('id luctus nec', 75, 569),
    ('erat', 75, 473),
    ('ultrices posuere', 76, 187),
    ('justo pellentesque viverra', 76, 237),
    ('mauris enim leo', 76, 288),
    ('pretium quis', 76, 18),
    ('lectus', 76, 163),
    ('metus sapien ut', 76, 40),
    ('sit amet justo', 76, 524),
    ('sodales', 76, 423),
    ('id lobortis', 77, 564),
    ('sed', 77, 55),
    ('amet erat nulla', 77, 293),
    ('leo pellentesque ultrices', 77, 187),
    ('volutpat sapien', 77, 210),
    ('nisl duis ac', 77, 19),
    ('integer ac', 77, 303),
    ('tempus', 77, 232),
    ('proin interdum', 78, 370),
    ('in consequat', 78, 443),
    ('nisi nam', 78, 423),
    ('eleifend donec ut', 78, 480),
    ('dui vel nisl', 78, 14),
    ('erat', 78, 526),
    ('consequat in consequat', 78, 214),
    ('lectus pellentesque', 78, 204),
    ('vel sem sed', 78, 214),
    ('tristique tortor', 79, 214),
    ('curae duis', 79, 525),
    ('in', 79, 532),
    ('morbi sem', 79, 519),
    ('lorem', 79, 68),
    ('eget', 79, 451),
    ('nulla nunc', 79, 83),
    ('tellus semper', 80, 570),
    ('enim', 80, 219),
    ('nulla eget', 80, 131),
    ('penatibus', 81, 416),
    ('sit amet sapien', 81, 348),
    ('vulputate justo', 81, 323),
    ('tortor', 81, 19),
    ('vestibulum', 81, 176),
    ('purus sit', 81, 494),
    ('vel nulla', 81, 218),
    ('phasellus', 82, 560),
    ('et', 82, 578),
    ('et ultrices posuere', 82, 353),
    ('est donec', 82, 61),
    ('leo', 82, 201),
    ('enim leo', 82, 230),
    ('mattis pulvinar nulla', 82, 586),
    ('massa id nisl', 82, 217),
    ('in hac habitasse', 82, 576),
    ('lacus', 83, 382),
    ('praesent id', 83, 320),
    ('diam id', 83, 202),
    ('quisque', 83, 155),
    ('nulla pede ullamcorper', 83, 339),
    ('libero', 83, 495),
    ('adipiscing', 83, 370),
    ('posuere cubilia curae', 83, 468),
    ('morbi a ipsum', 84, 476),
    ('cras', 84, 308),
    ('sapien ut', 84, 47),
    ('mi sit', 84, 537),
    ('enim lorem', 84, 470),
    ('amet', 84, 352),
    ('vel augue', 84, 439),
    ('nisi', 84, 241),
    ('proin leo', 85, 39),
    ('id consequat', 85, 226),
    ('tempor', 85, 204),
    ('viverra diam', 85, 101),
    ('ipsum primis', 85, 479),
    ('lacinia', 85, 409),
    ('suspendisse potenti', 85, 542),
    ('neque', 86, 311),
    ('nonummy maecenas tincidunt', 86, 396),
    ('lorem', 86, 573),
    ('tempor convallis nulla', 86, 64),
    ('morbi', 86, 592),
    ('quam nec dui', 86, 487),
    ('sem fusce consequat', 86, 437),
    ('id mauris', 87, 585),
    ('in purus eu', 87, 252),
    ('nulla', 87, 195),
    ('nisl', 87, 548),
    ('metus sapien', 87, 3),
    ('nulla quisque arcu', 87, 135),
    ('curabitur convallis', 88, 387),
    ('justo', 88, 181),
    ('phasellus sit', 88, 21),
    ('nunc nisl', 88, 268),
    ('eros viverra eget', 88, 505),
    ('eu', 88, 312),
    ('vestibulum ante ipsum', 88, 307),
    ('ut tellus nulla', 88, 293),
    ('condimentum', 89, 470),
    ('id', 89, 85),
    ('diam in magna', 89, 136),
    ('risus praesent', 89, 223),
    ('pede libero', 89, 1),
    ('sit amet', 89, 60),
    ('elit', 89, 541),
    ('dapibus nulla', 89, 379),
    ('non', 90, 598),
    ('justo pellentesque', 90, 149),
    ('natoque penatibus et', 90, 332),
    ('etiam', 90, 528),
    ('vel dapibus at', 90, 75),
    ('ultrices enim', 90, 39),
    ('in congue', 90, 208),
    ('elementum', 90, 256),
    ('diam cras pellentesque', 90, 265),
    ('lacus morbi', 90, 296),
    ('dolor', 90, 520),
    ('leo odio condimentum', 90, 237),
    ('maecenas pulvinar lobortis', 90, 546),
    ('ut massa', 90, 137),
    ('ornare', 90, 556),
    ('at', 90, 553),
    ('posuere', 90, 49),
    ('brutti sogni', 90, 3),
    ('ut odio cras', 90, 52),
    ('platea', 91, 452),
    ('ornare', 91, 196),
    ('facilisi', 91, 571),
    ('velit vivamus', 91, 43),
    ('mauris non', 91, 208),
    ('interdum', 91, 463),
    ('felis donec', 91, 19),
    ('eget semper', 91, 219),
    ('meth', 91, 68),
    ('blandit nam nulla', 91, 437),
    ('venenatis', 91, 462),
    ('vitae ipsum aliquam', 91, 530),
    ('amet', 91, 73),
    ('morbi', 91, 421),
    ('varius', 91, 78),
    ('phasellus in', 91, 28),
    ('felis sed', 91, 376),
    ('id pretium', 91, 328),
    ('volutpat', 91, 312),
    ('hendrerit at', 92, 226),
    ('diam', 93, 274),
    ('vulputate nonummy', 94, 191),
    ('bibendum', 95, 555),
    ('etiam', 96, 289),
    ('pellentesque eget', 97, 428),
    ('ligula sit', 98, 253),
    ('ut tellus', 99, 504),
    ('amet diam in', 100, 351);

INSERT INTO Episodio (podcast, titolo, descrizione, durata, data_pubblicazione) VALUES 
    (71, 'dapibus augue', 'odio curabitur convallis duis consequat dui nec nisi volutpat eleifend donec ut dolor morbi vel', 1352, '2022-05-07'),
    (53, 'vulputate', 'a ipsum integer a nibh in quis justo maecenas rhoncus aliquam', 4445, '2021-10-02'),
    (65, 'lacus at turpis', 'varius ut blandit non interdum in ante vestibulum ante ipsum primis', 2277, '2022-01-29'),
    (40, 'diam', 'leo pellentesque ultrices mattis odio donec vitae nisi nam ultrices libero non mattis pulvinar nulla', 1599, '2022-01-20'),
    (51, 'vulputate vitae nisl', 'donec ut mauris eget massa tempor convallis nulla neque libero convallis eget eleifend luctus ultricies eu nibh quisque id justo sit amet sapien dignissim vestibulum vestibulum ante ipsum', 3898, '2022-04-14'),
    (74, 'nascetur ridiculus mus', 'in faucibus orci luctus et ultrices posuere cubilia curae donec pharetra magna vestibulum aliquet ultrices erat tortor sollicitudin mi sit amet lobortis sapien sapien non mi', 5050, '2021-07-15'),
    (54, 'mauris laoreet', 'dui vel nisl duis ac nibh fusce lacus purus aliquet at feugiat non pretium quis lectus', 830, '2021-12-13'),
    (52, 'leo pellentesque', 'vestibulum aliquet ultrices erat tortor sollicitudin mi sit amet lobortis sapien sapien non mi integer ac neque duis', 1129, '2021-08-28'),
    (64, 'dui', 'tincidunt lacus at velit vivamus vel nulla eget eros elementum pellentesque quisque porta volutpat erat quisque erat eros viverra eget congue eget semper rutrum nulla nunc purus phasellus in felis', 1909, '2021-06-26'),
    (74, 'sit amet nulla', 'vivamus tortor duis mattis egestas metus aenean fermentum donec ut mauris eget massa', 4416, '2021-10-17'),
    (59, 'in eleifend quam', 'erat eros viverra eget congue eget semper rutrum nulla nunc purus phasellus in felis donec semper sapien a libero nam dui proin leo odio porttitor id consequat', 1170, '2021-09-29'),
    (41, 'in', 'volutpat quam pede lobortis ligula sit amet eleifend pede libero quis orci nullam molestie nibh in lectus pellentesque at nulla suspendisse potenti cras in purus eu magna vulputate luctus', 1044, '2022-03-26'),
    (92, 'et', 'libero convallis eget eleifend luctus ultricies eu nibh quisque id justo sit amet sapien dignissim vestibulum vestibulum ante', 4258, '2021-09-03'),
    (61, 'at', 'vivamus vestibulum sagittis sapien cum sociis natoque penatibus et magnis dis parturient montes nascetur ridiculus mus etiam vel augue vestibulum rutrum rutrum neque aenean auctor gravida sem praesent id', 3103, '2022-04-11'),
    (3, 'maecenas tristique est', 'sed vestibulum sit amet cursus id turpis integer aliquet massa id lobortis convallis tortor risus dapibus augue vel accumsan tellus', 5514, '2021-09-17'),
    (35, 'habitasse platea', 'lacinia sapien quis libero nullam sit amet turpis elementum ligula vehicula consequat morbi a ipsum integer a nibh in quis justo maecenas rhoncus aliquam lacus morbi quis tortor', 5591, '2021-12-14'),
    (94, 'lacinia sapien quis', 'at velit eu est congue elementum in hac habitasse platea dictumst morbi vestibulum velit id pretium iaculis diam', 1752, '2021-06-12'),
    (90, 'aliquam', 'nulla eget eros elementum pellentesque quisque porta volutpat erat quisque erat eros viverra eget congue eget semper rutrum nulla nunc purus phasellus in felis', 2079, '2021-11-28'),
    (67, 'porttitor lorem', 'nulla facilisi cras non velit nec nisi vulputate nonummy maecenas tincidunt lacus at velit vivamus vel nulla eget', 6695, '2022-04-08'),
    (45, 'quis orci', 'aliquet at feugiat non pretium quis lectus suspendisse potenti in eleifend quam a odio in hac habitasse', 3138, '2021-09-30'),
    (83, 'pharetra', 'tellus nulla ut erat id mauris vulputate elementum nullam varius nulla facilisi cras non', 4021, '2021-09-19'),
    (83, 'molestie sed', 'id nulla ultrices aliquet maecenas leo odio condimentum id luctus nec molestie sed', 4719, '2021-10-11'),
    (6, 'eget vulputate', 'nam congue risus semper porta volutpat quam pede lobortis ligula sit amet eleifend pede libero quis orci nullam molestie nibh in lectus pellentesque at nulla suspendisse potenti cras', 297, '2022-03-02'),
    (48, 'volutpat', 'pellentesque quisque porta volutpat erat quisque erat eros viverra eget congue eget semper rutrum nulla nunc purus phasellus in felis donec semper sapien a libero nam dui', 90, '2022-05-12'),
    (80, 'turpis donec posuere', 'lobortis convallis tortor risus dapibus augue vel accumsan tellus nisi eu orci mauris lacinia sapien quis libero nullam', 2438, '2022-03-09'),
    (36, 'adipiscing', 'vestibulum rutrum rutrum neque aenean auctor gravida sem praesent id massa id nisl venenatis lacinia aenean sit', 5831, '2022-02-24'),
    (95, 'donec ut mauris', 'magna vestibulum aliquet ultrices erat tortor sollicitudin mi sit amet lobortis sapien', 1168, '2021-10-15'),
    (48, 'sed vel enim', 'luctus nec molestie sed justo pellentesque viverra pede ac diam cras pellentesque volutpat dui maecenas tristique est', 3070, '2022-03-31'),
    (38, 'sed vel enim', 'pede justo lacinia eget tincidunt eget tempus vel pede morbi porttitor lorem id', 1107, '2022-01-22'),
    (88, 'pulvinar nulla', 'in hac habitasse platea dictumst morbi vestibulum velit id pretium iaculis diam erat fermentum justo', 5940, '2021-11-15'),
    (40, 'purus aliquet at', 'dictumst aliquam augue quam sollicitudin vitae consectetuer eget rutrum at', 3502, '2021-08-04'),
    (8, 'volutpat dui maecenas', 'semper sapien a libero nam dui proin leo odio porttitor id consequat in consequat ut nulla sed accumsan felis ut at dolor quis odio consequat varius integer', 5306, '2021-12-16'),
    (36, 'aenean auctor gravida', 'fermentum justo nec condimentum neque sapien placerat ante nulla justo aliquam quis turpis eget elit sodales scelerisque mauris sit amet eros suspendisse accumsan tortor quis turpis sed ante vivamus tortor', 3579, '2021-07-31'),
    (17, 'porta', 'etiam pretium iaculis justo in hac habitasse platea dictumst etiam faucibus cursus urna ut tellus nulla ut', 750, '2021-11-20'),
    (58, 'tempus', 'lobortis sapien sapien non mi integer ac neque duis bibendum morbi non quam nec dui luctus rutrum', 1408, '2021-12-10'),
    (58, 'mauris laoreet', 'quis tortor id nulla ultrices aliquet maecenas leo odio condimentum id luctus nec molestie sed justo pellentesque', 1812, '2022-03-28'),
    (20, 'ut', 'vestibulum sit amet cursus id turpis integer aliquet massa id lobortis convallis tortor risus dapibus augue vel', 865, '2021-10-03'),
    (87, 'lobortis ligula sit', 'nulla sed vel enim sit amet nunc viverra dapibus nulla suscipit ligula in lacus curabitur at ipsum ac', 5647, '2021-07-25'),
    (65, 'pede justo', 'ante nulla justo aliquam quis turpis eget elit sodales scelerisque mauris sit amet eros suspendisse accumsan tortor quis turpis sed ante vivamus tortor duis mattis egestas metus aenean fermentum', 5948, '2022-04-26'),
    (35, 'sociis natoque penatibus', 'tristique fusce congue diam id ornare imperdiet sapien urna pretium nisl ut volutpat', 1138, '2021-08-09'),
    (52, 'tortor quis turpis', 'amet sapien dignissim vestibulum vestibulum ante ipsum primis in faucibus orci luctus et ultrices', 5280, '2022-02-27'),
    (54, 'vel augue', 'amet consectetuer adipiscing elit proin risus praesent lectus vestibulum quam sapien varius ut blandit non interdum in ante vestibulum ante ipsum primis in faucibus orci luctus et ultrices posuere', 4909, '2021-09-18'),
    (93, 'et commodo', 'habitasse platea dictumst morbi vestibulum velit id pretium iaculis diam erat fermentum justo nec condimentum neque sapien placerat ante nulla justo aliquam quis turpis eget elit sodales scelerisque mauris', 2742, '2022-05-25'),
    (95, 'curabitur in libero', 'leo odio condimentum id luctus nec molestie sed justo pellentesque viverra pede ac diam cras pellentesque volutpat dui maecenas tristique', 6534, '2021-10-24'),
    (72, 'et magnis dis', 'urna ut tellus nulla ut erat id mauris vulputate elementum nullam varius nulla facilisi cras non velit nec nisi vulputate', 2713, '2022-03-04'),
    (4, 'vestibulum', 'ac enim in tempor turpis nec euismod scelerisque quam turpis adipiscing lorem vitae mattis nibh ligula nec sem duis aliquam convallis nunc proin at turpis', 1341, '2022-04-10'),
    (49, 'luctus', 'interdum mauris non ligula pellentesque ultrices phasellus id sapien in sapien iaculis congue vivamus metus arcu adipiscing molestie hendrerit at vulputate vitae nisl aenean lectus pellentesque eget nunc donec quis', 1129, '2021-08-03'),
    (53, 'et', 'est donec odio justo sollicitudin ut suscipit a feugiat et eros vestibulum', 4208, '2021-07-29'),
    (28, 'erat', 'platea dictumst maecenas ut massa quis augue luctus tincidunt nulla mollis', 5452, '2022-02-28'),
    (19, 'id', 'in tempus sit amet sem fusce consequat nulla nisl nunc nisl duis bibendum felis sed interdum venenatis', 66, '2022-01-25'),
    (42, 'ac leo', 'cum sociis natoque penatibus et magnis dis parturient montes nascetur ridiculus mus etiam vel augue vestibulum rutrum rutrum neque aenean', 4459, '2021-08-07'),
    (23, 'orci luctus', 'potenti nullam porttitor lacus at turpis donec posuere metus vitae ipsum aliquam non mauris morbi non lectus', 4697, '2021-11-14'),
    (54, 'convallis eget', 'sed ante vivamus tortor duis mattis egestas metus aenean fermentum donec ut mauris eget massa tempor convallis nulla neque libero convallis eget eleifend luctus ultricies eu nibh quisque', 6598, '2021-06-06'),
    (55, 'ultrices posuere', 'eget rutrum at lorem integer tincidunt ante vel ipsum praesent blandit lacinia erat vestibulum sed magna at nunc commodo placerat praesent blandit nam nulla integer pede justo', 3240, '2022-03-27'),
    (34, 'potenti', 'dolor morbi vel lectus in quam fringilla rhoncus mauris enim leo rhoncus sed vestibulum sit amet cursus id turpis', 5534, '2021-11-21'),
    (49, 'purus eu', 'sagittis dui vel nisl duis ac nibh fusce lacus purus aliquet at feugiat non pretium quis lectus suspendisse potenti in eleifend quam a', 2826, '2022-05-22'),
    (44, 'et', 'ut suscipit a feugiat et eros vestibulum ac est lacinia nisi venenatis tristique fusce congue diam id ornare imperdiet', 5889, '2021-11-17'),
    (59, 'turpis', 'varius integer ac leo pellentesque ultrices mattis odio donec vitae nisi nam ultrices libero non mattis pulvinar nulla', 1729, '2022-05-24'),
    (8, 'amet eleifend', 'aliquam lacus morbi quis tortor id nulla ultrices aliquet maecenas leo odio condimentum id luctus nec', 2018, '2021-06-10'),
    (9, 'elit', 'volutpat sapien arcu sed augue aliquam erat volutpat in congue etiam justo etiam pretium iaculis justo in hac habitasse platea dictumst etiam faucibus cursus urna ut tellus nulla ut erat', 6985, '2022-01-26'),
    (36, 'primis', 'donec pharetra magna vestibulum aliquet ultrices erat tortor sollicitudin mi sit amet lobortis sapien sapien non mi', 3166, '2021-06-12'),
    (53, 'aliquam lacus', 'sapien a libero nam dui proin leo odio porttitor id consequat in consequat ut nulla sed accumsan felis ut at dolor quis odio consequat', 4291, '2022-04-18'),
    (4, 'ante ipsum', 'primis in faucibus orci luctus et ultrices posuere cubilia curae nulla dapibus dolor vel est donec odio justo sollicitudin ut suscipit a feugiat', 4775, '2022-04-15'),
    (78, 'nam tristique', 'sed justo pellentesque viverra pede ac diam cras pellentesque volutpat dui maecenas tristique est et tempus semper est', 3950, '2022-02-03'),
    (73, 'integer ac neque', 'libero nam dui proin leo odio porttitor id consequat in', 1935, '2021-12-23'),
    (9, 'iaculis diam erat', 'lectus suspendisse potenti in eleifend quam a odio in hac habitasse', 7031, '2022-01-25'),
    (63, 'ut suscipit a', 'erat id mauris vulputate elementum nullam varius nulla facilisi cras non velit nec nisi vulputate', 3826, '2021-08-02'),
    (58, 'orci', 'mauris enim leo rhoncus sed vestibulum sit amet cursus id turpis integer aliquet massa id lobortis convallis tortor risus dapibus augue vel accumsan', 2771, '2021-09-04'),
    (92, 'dui', 'morbi non lectus aliquam sit amet diam in magna bibendum imperdiet nullam', 5780, '2021-11-01'),
    (84, 'eleifend donec ut', 'integer aliquet massa id lobortis convallis tortor risus dapibus augue vel accumsan tellus nisi eu orci mauris lacinia sapien quis libero', 385, '2021-06-03'),
    (87, 'congue diam id', 'lobortis convallis tortor risus dapibus augue vel accumsan tellus nisi', 6369, '2022-01-15'),
    (62, 'sem sed sagittis', 'lectus suspendisse potenti in eleifend quam a odio in hac habitasse platea dictumst maecenas ut massa quis augue luctus tincidunt nulla mollis molestie lorem quisque', 274, '2022-02-01'),
    (48, 'duis ac nibh', 'congue risus semper porta volutpat quam pede lobortis ligula sit', 2359, '2021-10-03'),
    (49, 'bestia', 'nec nisi volutpat eleifend donec ut dolor morbi vel lectus', 3272, '2021-09-13'),
    (29, 'nunc', 'dictumst maecenas ut massa quis augue luctus tincidunt nulla mollis molestie lorem', 6554, '2021-09-19'),
    (49, 'vestibulum rutrum rutrum', 'hendrerit at vulputate vitae nisl aenean lectus pellentesque eget nunc donec quis orci eget orci vehicula condimentum curabitur in libero ut massa volutpat', 2562, '2022-01-04'),
    (20, 'volutpat', 'in hac habitasse platea dictumst morbi vestibulum velit id pretium iaculis diam erat fermentum justo nec condimentum neque sapien placerat', 6984, '2021-06-16'),
    (6, 'metus', 'donec ut mauris eget massa tempor convallis nulla neque libero convallis eget eleifend luctus ultricies eu nibh quisque id justo sit amet sapien dignissim vestibulum vestibulum ante ipsum primis in', 1542, '2021-12-11'),
    (63, 'ut blandit non', 'porttitor lacus at turpis donec posuere metus vitae ipsum aliquam non mauris morbi non lectus aliquam sit amet diam in magna', 1528, '2021-10-11'),
    (62, 'convallis', 'nulla neque libero convallis eget eleifend luctus ultricies eu nibh quisque id justo sit amet sapien dignissim vestibulum vestibulum', 2479, '2022-04-16'),
    (54, 'sit amet sem', 'leo maecenas pulvinar lobortis est phasellus sit amet erat nulla tempus vivamus in felis eu sapien cursus vestibulum proin eu mi', 4708, '2021-12-18'),
    (44, 'tempus', 'ac leo pellentesque ultrices mattis odio donec vitae nisi nam ultrices libero non mattis pulvinar nulla pede ullamcorper augue a suscipit nulla elit ac nulla sed vel enim sit', 109, '2022-03-02'),
    (94, 'leo odio', 'sit amet eros suspendisse accumsan tortor quis turpis sed ante vivamus', 3773, '2021-08-25'),
    (18, 'nisl duis bibendum', 'porttitor pede justo eu massa donec dapibus duis at velit eu est congue elementum in hac habitasse', 6091, '2021-08-11'),
    (6, 'nunc rhoncus', 'diam cras pellentesque volutpat dui maecenas tristique est et tempus semper est quam pharetra magna ac consequat metus sapien ut nunc vestibulum', 344, '2021-11-03'),
    (42, 'suscipit nulla', 'sociis natoque penatibus et magnis dis parturient montes nascetur ridiculus', 374, '2021-08-29'),
    (28, 'eu est', 'condimentum neque sapien placerat ante nulla justo aliquam quis turpis eget elit sodales scelerisque mauris sit amet eros suspendisse accumsan tortor quis turpis sed ante vivamus', 5547, '2021-11-01'),
    (11, 'ipsum dolor sit', 'nulla tempus vivamus in felis eu sapien cursus vestibulum proin eu mi nulla ac enim in tempor turpis nec euismod scelerisque quam turpis adipiscing lorem vitae mattis nibh', 2517, '2022-03-07'),
    (38, 'lacus', 'non mauris morbi non lectus aliquam sit amet diam in magna bibendum imperdiet nullam orci pede venenatis non sodales sed tincidunt eu', 5232, '2021-10-15'),
    (66, 'elementum ligula vehicula', 'ut suscipit a feugiat et eros vestibulum ac est lacinia nisi venenatis tristique fusce congue diam id ornare imperdiet sapien urna pretium nisl ut volutpat sapien', 5014, '2022-03-29'),
    (51, 'quam', 'magnis dis parturient montes nascetur ridiculus mus vivamus vestibulum sagittis sapien cum sociis natoque penatibus et magnis dis parturient montes nascetur ridiculus mus etiam', 3590, '2022-03-17'),
    (64, 'suscipit nulla', 'ligula in lacus curabitur at ipsum ac tellus semper interdum mauris ullamcorper purus sit amet nulla quisque arcu libero rutrum ac lobortis vel dapibus at diam nam tristique tortor', 544, '2022-05-12'),
    (94, 'nec nisi', 'elementum pellentesque quisque porta volutpat erat quisque erat eros viverra eget congue eget semper rutrum nulla nunc purus phasellus in felis', 7154, '2021-07-31'),
    (12, 'eu est', 'erat fermentum justo nec condimentum neque sapien placerat ante nulla justo aliquam quis turpis eget elit sodales scelerisque mauris sit amet eros suspendisse accumsan', 6153, '2021-10-04'),
    (13, 'felis donec', 'ante vel ipsum praesent blandit lacinia erat vestibulum sed magna at nunc commodo placerat praesent', 4587, '2022-02-22'),
    (78, 'ac', 'eleifend pede libero quis orci nullam molestie nibh in lectus pellentesque at nulla suspendisse potenti cras in purus', 2164, '2022-03-13'),
    (8, 'justo', 'est congue elementum in hac habitasse platea dictumst morbi vestibulum velit id pretium iaculis', 1522, '2021-09-10'),
    (18, 'est et', 'tristique fusce congue diam id ornare imperdiet sapien urna pretium nisl ut volutpat sapien arcu sed augue aliquam erat volutpat in congue etiam justo etiam', 1254, '2022-04-06'),
    (70, 'nec', 'libero non mattis pulvinar nulla pede ullamcorper augue a suscipit nulla elit ac nulla sed vel enim', 5552, '2022-03-05'),
    (68, 'nisl ut', 'felis sed lacus morbi sem mauris laoreet ut rhoncus aliquet pulvinar sed nisl nunc rhoncus dui vel sem sed sagittis nam', 4496, '2021-06-16'),
    (9, 'nisi volutpat eleifend', 'convallis duis consequat dui nec nisi volutpat eleifend donec ut dolor morbi vel lectus in quam fringilla rhoncus mauris enim leo rhoncus sed', 4380, '2021-09-07'),
    (97, 'lectus in est', 'etiam pretium iaculis justo in hac habitasse platea dictumst etiam faucibus cursus urna ut tellus nulla ut erat id mauris vulputate elementum nullam varius nulla facilisi cras non', 6264, '2021-12-05'),
    (72, 'non ligula pellentesque', 'aenean fermentum donec ut mauris eget massa tempor convallis nulla neque libero', 4526, '2021-06-24'),
    (81, 'justo etiam pretium', 'nulla justo aliquam quis turpis eget elit sodales scelerisque mauris', 4139, '2021-12-07'),
    (18, 'cubilia curae nulla', 'dictumst aliquam augue quam sollicitudin vitae consectetuer eget rutrum at lorem integer tincidunt ante vel ipsum praesent blandit lacinia erat vestibulum sed magna at nunc commodo placerat praesent blandit nam', 2776, '2021-11-17'),
    (39, 'posuere metus vitae', 'primis in faucibus orci luctus et ultrices posuere cubilia curae duis faucibus accumsan odio curabitur convallis duis consequat dui nec', 2983, '2021-07-05'),
    (19, 'nullam varius', 'cubilia curae mauris viverra diam vitae quam suspendisse potenti nullam porttitor lacus at turpis donec posuere metus vitae ipsum aliquam non mauris morbi non lectus aliquam sit', 4893, '2021-07-26'),
    (43, 'nibh ligula', 'neque libero convallis eget eleifend luctus ultricies eu nibh quisque id justo sit amet sapien dignissim vestibulum vestibulum ante ipsum primis in faucibus orci luctus et ultrices posuere cubilia', 4304, '2022-04-04'),
    (89, 'nulla neque libero', 'enim leo rhoncus sed vestibulum sit amet cursus id turpis integer aliquet massa id lobortis convallis tortor risus dapibus augue vel accumsan', 3685, '2021-07-22'),
    (71, 'auctor sed tristique', 'quis orci nullam molestie nibh in lectus pellentesque at nulla suspendisse potenti cras in purus eu magna vulputate', 1192, '2022-04-13'),
    (1, 'nibh', 'natoque penatibus et magnis dis parturient montes nascetur ridiculus mus vivamus vestibulum sagittis sapien cum sociis natoque penatibus et magnis dis parturient montes', 4947, '2021-12-10'),
    (65, 'eu nibh quisque', 'accumsan odio curabitur convallis duis consequat dui nec nisi volutpat eleifend donec', 6611, '2022-03-05'),
    (16, 'gravida', 'suscipit ligula in lacus curabitur at ipsum ac tellus semper interdum mauris ullamcorper purus sit amet', 2366, '2021-10-25'),
    (92, 'platea dictumst', 'nec condimentum neque sapien placerat ante nulla justo aliquam quis turpis eget elit sodales scelerisque mauris sit', 1753, '2021-07-16'),
    (55, 'at', 'aliquet at feugiat non pretium quis lectus suspendisse potenti in eleifend quam a odio in hac habitasse platea dictumst maecenas ut massa quis augue luctus tincidunt nulla mollis molestie', 2237, '2021-06-15'),
    (80, 'elementum pellentesque quisque', 'integer aliquet massa id lobortis convallis tortor risus dapibus augue vel accumsan tellus nisi eu orci mauris lacinia sapien quis libero nullam sit amet turpis', 2988, '2021-08-20'),
    (97, 'eget nunc donec', 'cras non velit nec nisi vulputate nonummy maecenas tincidunt lacus at velit vivamus vel', 1758, '2021-07-25'),
    (24, 'lectus', 'praesent blandit nam nulla integer pede justo lacinia eget tincidunt eget tempus vel pede morbi porttitor lorem id ligula suspendisse ornare consequat lectus', 2552, '2022-01-26'),
    (17, 'maecenas rhoncus', 'venenatis lacinia aenean sit amet justo morbi ut odio cras mi pede malesuada in imperdiet et commodo vulputate justo in blandit ultrices enim lorem', 5194, '2021-11-18'),
    (41, 'diam id ornare', 'nunc nisl duis bibendum felis sed interdum venenatis turpis enim blandit mi in porttitor pede justo eu massa donec dapibus duis', 605, '2021-10-12'),
    (32, 'accumsan', 'id luctus nec molestie sed justo pellentesque viverra pede ac diam', 2545, '2022-05-13'),
    (53, 'mauris morbi non', 'pretium iaculis diam erat fermentum justo nec condimentum neque sapien placerat ante nulla justo aliquam', 2557, '2021-09-29'),
    (77, 'orci', 'quam fringilla rhoncus mauris enim leo rhoncus sed vestibulum sit amet cursus id turpis integer aliquet massa id lobortis convallis', 3751, '2022-04-08'),
    (61, 'id consequat', 'vitae ipsum aliquam non mauris morbi non lectus aliquam sit amet diam in magna bibendum imperdiet nullam orci pede venenatis non sodales sed tincidunt eu', 5021, '2021-06-01'),
    (38, 'porta volutpat', 'integer ac leo pellentesque ultrices mattis odio donec vitae nisi nam ultrices libero non mattis pulvinar nulla pede ullamcorper augue a suscipit nulla elit ac', 1261, '2021-09-23'),
    (49, 'vel ipsum praesent', 'lorem vitae mattis nibh ligula nec sem duis aliquam convallis', 2277, '2022-05-18'),
    (21, 'neque vestibulum', 'tortor id nulla ultrices aliquet maecenas leo odio condimentum id luctus nec molestie sed justo pellentesque viverra pede ac diam cras', 3418, '2022-02-21'),
    (57, 'ut', 'adipiscing elit proin interdum mauris non ligula pellentesque ultrices phasellus id sapien in sapien iaculis congue vivamus metus arcu adipiscing molestie hendrerit at vulputate vitae nisl aenean lectus pellentesque eget', 1191, '2021-10-02'),
    (88, 'quis odio', 'in tempus sit amet sem fusce consequat nulla nisl nunc nisl duis bibendum felis sed interdum venenatis turpis enim', 5700, '2021-10-25'),
    (3, 'diam id ornare', 'consectetuer eget rutrum at lorem integer tincidunt ante vel ipsum praesent blandit lacinia erat vestibulum', 2237, '2022-04-04'),
    (68, 'quis lectus suspendisse', 'congue eget semper rutrum nulla nunc purus phasellus in felis donec semper sapien a', 3726, '2021-09-28'),
    (19, 'ipsum', 'morbi non lectus aliquam sit amet diam in magna bibendum imperdiet nullam orci pede venenatis non sodales sed tincidunt eu felis fusce', 4149, '2021-06-03'),
    (66, 'lectus pellentesque', 'vestibulum vestibulum ante ipsum primis in faucibus orci luctus et ultrices posuere cubilia', 3610, '2021-11-15'),
    (69, 'est', 'nulla tempus vivamus in felis eu sapien cursus vestibulum proin eu mi nulla ac enim in tempor turpis nec euismod scelerisque quam turpis adipiscing lorem vitae', 6674, '2021-07-10'),
    (41, 'iaculis diam erat', 'pretium iaculis diam erat fermentum justo nec condimentum neque sapien placerat ante nulla justo', 4769, '2022-04-21'),
    (17, 'massa volutpat', 'lectus pellentesque eget nunc donec quis orci eget orci vehicula', 1456, '2021-06-01'),
    (100, 'id', 'vestibulum ante ipsum primis in faucibus orci luctus et ultrices posuere cubilia curae donec pharetra magna vestibulum aliquet ultrices', 4285, '2022-01-11'),
    (5, 'magna at', 'sit amet eros suspendisse accumsan tortor quis turpis sed ante vivamus tortor duis mattis egestas metus aenean fermentum donec ut mauris eget massa tempor convallis nulla neque', 4052, '2021-10-31'),
    (72, 'blandit non', 'nisl duis ac nibh fusce lacus purus aliquet at feugiat non pretium quis lectus suspendisse potenti in eleifend quam', 4342, '2022-04-05'),
    (73, 'erat fermentum', 'eu nibh quisque id justo sit amet sapien dignissim vestibulum vestibulum ante ipsum primis in faucibus orci', 5113, '2021-12-08'),
    (53, 'venenatis non', 'nonummy integer non velit donec diam neque vestibulum eget vulputate ut ultrices vel augue vestibulum ante ipsum primis in faucibus orci luctus et', 3784, '2021-07-15'),
    (75, 'viverra diam', 'ipsum praesent blandit lacinia erat vestibulum sed magna at nunc commodo placerat praesent blandit nam nulla integer pede justo lacinia eget tincidunt', 5892, '2021-10-12'),
    (29, 'morbi', 'volutpat sapien arcu sed augue aliquam erat volutpat in congue etiam justo etiam pretium iaculis justo in hac habitasse platea', 683, '2022-04-17'),
    (16, 'in tempus sit', 'aenean lectus pellentesque eget nunc donec quis orci eget orci vehicula condimentum curabitur in libero ut massa volutpat', 6244, '2021-06-29'),
    (77, 'ipsum', 'quisque ut erat curabitur gravida nisi at nibh in hac habitasse platea dictumst aliquam augue quam sollicitudin vitae consectetuer eget', 5351, '2021-12-06'),
    (62, 'mi nulla', 'augue vestibulum ante ipsum primis in faucibus orci luctus et ultrices posuere cubilia curae donec pharetra magna vestibulum aliquet ultrices erat tortor sollicitudin mi sit amet lobortis sapien', 993, '2021-07-31'),
    (13, 'in imperdiet', 'sapien quis libero nullam sit amet turpis elementum ligula vehicula', 6684, '2021-06-06'),
    (76, 'integer a', 'id pretium iaculis diam erat fermentum justo nec condimentum neque sapien placerat ante nulla justo aliquam quis turpis eget elit sodales scelerisque mauris', 6453, '2021-07-08'),
    (14, 'donec', 'donec diam neque vestibulum eget vulputate ut ultrices vel augue vestibulum ante ipsum primis in faucibus orci luctus et ultrices posuere cubilia curae', 1333, '2021-10-27'),
    (99, 'quis', 'sed accumsan felis ut at dolor quis odio consequat varius', 5907, '2022-04-21'),
    (15, 'nam tristique', 'vestibulum ante ipsum primis in faucibus orci luctus et ultrices posuere cubilia curae mauris viverra diam vitae quam suspendisse', 1649, '2022-02-04'),
    (15, 'nulla ultrices', 'mi in porttitor pede justo eu massa donec dapibus duis at velit eu est congue elementum in hac habitasse platea dictumst morbi vestibulum velit id', 6790, '2021-12-12'),
    (20, 'odio porttitor', 'ut erat id mauris vulputate elementum nullam varius nulla facilisi cras non velit nec nisi vulputate nonummy maecenas tincidunt lacus at velit vivamus vel nulla eget eros elementum pellentesque', 5223, '2022-05-03'),
    (70, 'vestibulum', 'nec dui luctus rutrum nulla tellus in sagittis dui vel nisl duis ac nibh fusce lacus purus aliquet at feugiat non pretium quis lectus suspendisse potenti in eleifend quam a', 504, '2022-02-13'),
    (28, 'pecco', 'risus dapibus augue vel accumsan tellus nisi eu orci mauris lacinia sapien quis libero nullam sit amet turpis elementum ligula vehicula consequat morbi a ipsum', 388, '2021-09-08'),
    (12, 'nascetur ridiculus mus', 'iaculis congue vivamus metus arcu adipiscing molestie hendrerit at vulputate vitae nisl aenean lectus pellentesque eget nunc donec quis orci', 939, '2022-03-25'),
    (44, 'ut massa volutpat', 'bibendum felis sed interdum venenatis turpis enim blandit mi in porttitor pede justo eu massa donec dapibus duis at velit eu est congue elementum in hac habitasse platea dictumst morbi', 4672, '2021-08-25'),
    (94, 'adipiscing', 'morbi sem mauris laoreet ut rhoncus aliquet pulvinar sed nisl nunc rhoncus dui vel sem sed sagittis nam congue', 2346, '2021-12-14'),
    (20, 'non mi', 'a ipsum integer a nibh in quis justo maecenas rhoncus aliquam lacus morbi quis tortor id nulla ultrices aliquet maecenas leo odio condimentum id luctus nec molestie sed justo', 118, '2021-11-07'),
    (7, 'in', 'a ipsum integer a nibh in quis justo maecenas rhoncus aliquam lacus morbi quis tortor id nulla', 1162, '2022-05-05'),
    (64, 'consectetuer adipiscing elit', 'cum sociis natoque penatibus et magnis dis parturient montes nascetur ridiculus mus vivamus vestibulum sagittis sapien cum sociis natoque penatibus et magnis dis parturient montes nascetur', 3922, '2022-02-18'),
    (9, 'vestibulum', 'est phasellus sit amet erat nulla tempus vivamus in felis eu sapien cursus vestibulum proin eu mi nulla', 5203, '2022-01-12'),
    (88, 'ipsum primis', 'nam congue risus semper porta volutpat quam pede lobortis ligula sit amet eleifend pede libero quis orci nullam', 4370, '2021-08-08'),
    (51, 'ut', 'integer a nibh in quis justo maecenas rhoncus aliquam lacus morbi quis tortor id nulla ultrices aliquet maecenas leo odio condimentum id luctus nec molestie sed justo pellentesque', 6322, '2021-12-10'),
    (23, 'tortor', 'posuere cubilia curae mauris viverra diam vitae quam suspendisse potenti', 4816, '2021-06-26'),
    (7, 'sed', 'congue diam id ornare imperdiet sapien urna pretium nisl ut volutpat sapien arcu sed', 4236, '2021-06-12'),
    (34, 'id', 'tellus nulla ut erat id mauris vulputate elementum nullam varius nulla facilisi cras non velit nec nisi vulputate nonummy maecenas tincidunt lacus at velit', 4017, '2021-12-11'),
    (81, 'ipsum integer', 'pellentesque quisque porta volutpat erat quisque erat eros viverra eget congue eget semper rutrum nulla nunc purus phasellus in', 2343, '2022-04-19'),
    (97, 'nulla dapibus dolor', 'lectus in est risus auctor sed tristique in tempus sit amet sem fusce consequat nulla nisl nunc nisl duis bibendum', 1514, '2021-11-12'),
    (17, 'cras', 'dapibus dolor vel est donec odio justo sollicitudin ut suscipit a feugiat et eros vestibulum ac est', 1772, '2021-07-19'),
    (47, 'mus etiam vel', 'condimentum neque sapien placerat ante nulla justo aliquam quis turpis', 5464, '2022-04-17'),
    (31, 'posuere felis', 'quis lectus suspendisse potenti in eleifend quam a odio in hac habitasse platea', 3053, '2021-10-24'),
    (43, 'orci pede venenatis', 'ante ipsum primis in faucibus orci luctus et ultrices posuere cubilia curae mauris viverra diam vitae quam suspendisse potenti nullam porttitor lacus at turpis donec posuere', 4654, '2022-03-11'),
    (14, 'velit donec', 'quis orci nullam molestie nibh in lectus pellentesque at nulla suspendisse potenti cras', 4836, '2022-04-03'),
    (54, 'lacus purus aliquet', 'sit amet cursus id turpis integer aliquet massa id lobortis convallis tortor risus dapibus augue vel accumsan tellus', 5708, '2022-03-08'),
    (52, 'augue', 'morbi porttitor lorem id ligula suspendisse ornare consequat lectus in est risus auctor sed tristique', 7075, '2022-03-10'),
    (44, 'convallis nunc', 'consequat metus sapien ut nunc vestibulum ante ipsum primis in faucibus orci luctus et ultrices posuere cubilia curae mauris viverra diam vitae quam', 6110, '2021-09-21'),
    (31, 'luctus cum', 'lectus in quam fringilla rhoncus mauris enim leo rhoncus sed', 5369, '2021-12-24'),
    (53, 'augue aliquam', 'ultrices aliquet maecenas leo odio condimentum id luctus nec molestie sed justo pellentesque viverra pede ac diam cras pellentesque volutpat', 5985, '2022-01-10'),
    (50, 'vestibulum velit id', 'enim in tempor turpis nec euismod scelerisque quam turpis adipiscing lorem vitae mattis nibh ligula nec sem duis aliquam convallis nunc', 3258, '2022-02-14'),
    (45, 'vel dapibus at', 'elementum pellentesque quisque porta volutpat erat quisque erat eros viverra eget congue eget semper rutrum nulla nunc purus phasellus in felis donec semper sapien a libero nam dui', 866, '2022-05-02'),
    (77, 'natoque penatibus et', 'arcu adipiscing molestie hendrerit at vulputate vitae nisl aenean lectus pellentesque eget nunc donec quis orci eget orci', 7009, '2021-06-19'),
    (90, 'sem mauris', 'non interdum in ante vestibulum ante ipsum primis in faucibus orci luctus et ultrices posuere cubilia curae duis faucibus accumsan odio curabitur convallis duis consequat', 3521, '2022-03-12'),
    (51, 'rhoncus aliquam', 'phasellus sit amet erat nulla tempus vivamus in felis eu sapien cursus vestibulum proin eu mi nulla ac enim in tempor turpis nec euismod scelerisque quam turpis adipiscing lorem', 1619, '2021-07-15'),
    (29, 'amet nulla quisque', 'et eros vestibulum ac est lacinia nisi venenatis tristique fusce congue diam id ornare imperdiet sapien urna pretium nisl ut volutpat sapien arcu sed augue aliquam erat volutpat in congue', 3388, '2022-02-18'),
    (45, 'massa donec dapibus', 'dis parturient montes nascetur ridiculus mus etiam vel augue vestibulum', 6700, '2021-06-01'),
    (75, 'cursus id turpis', 'mauris laoreet ut rhoncus aliquet pulvinar sed nisl nunc rhoncus dui vel sem sed sagittis nam', 2188, '2021-08-13'),
    (91, 'luctus', 'vestibulum ante ipsum primis in faucibus orci luctus et ultrices posuere cubilia curae', 2667, '2021-06-09'),
    (6, 'lacinia eget tincidunt', 'aenean sit amet justo morbi ut odio cras mi pede malesuada in imperdiet et commodo', 3672, '2021-12-05'),
    (30, 'donec semper', 'vulputate justo in blandit ultrices enim lorem ipsum dolor sit amet consectetuer adipiscing elit proin interdum mauris non ligula pellentesque ultrices phasellus id sapien in sapien iaculis congue vivamus metus', 787, '2021-08-04'),
    (15, 'odio consequat varius', 'ultrices mattis odio donec vitae nisi nam ultrices libero non mattis pulvinar nulla pede ullamcorper augue a suscipit nulla elit ac nulla sed vel', 329, '2021-08-10'),
    (51, 'sed ante', 'metus aenean fermentum donec ut mauris eget massa tempor convallis nulla neque libero convallis eget eleifend luctus ultricies eu nibh quisque id justo sit amet sapien dignissim vestibulum vestibulum', 6989, '2022-03-05'),
    (2, 'a nibh in', 'mauris laoreet ut rhoncus aliquet pulvinar sed nisl nunc rhoncus dui vel sem', 5880, '2021-08-29'),
    (82, 'sapien ut', 'diam cras pellentesque volutpat dui maecenas tristique est et tempus semper est quam pharetra magna ac consequat metus sapien ut nunc vestibulum ante ipsum primis in faucibus orci', 7032, '2022-01-26'),
    (17, 'sapien cursus', 'in sagittis dui vel nisl duis ac nibh fusce lacus purus aliquet at feugiat non pretium quis lectus suspendisse', 1400, '2022-03-07'),
    (33, 'ac', 'sapien in sapien iaculis congue vivamus metus arcu adipiscing molestie', 2657, '2022-01-12'),
    (25, 'et commodo', 'aenean auctor gravida sem praesent id massa id nisl venenatis lacinia aenean sit amet justo morbi ut odio cras mi pede malesuada in imperdiet et commodo vulputate justo in', 166, '2021-07-11'),
    (4, 'lacinia', 'hac habitasse platea dictumst aliquam augue quam sollicitudin vitae consectetuer eget rutrum at lorem integer tincidunt ante vel ipsum praesent blandit lacinia', 4052, '2021-08-01'),
    (56, 'cras', 'sed sagittis nam congue risus semper porta volutpat quam pede lobortis ligula sit amet eleifend pede libero quis', 3272, '2021-09-15'),
    (57, 'vel', 'at dolor quis odio consequat varius integer ac leo pellentesque ultrices mattis odio donec vitae nisi nam ultrices libero non mattis', 1431, '2022-01-09'),
    (52, 'est lacinia nisi', 'ultrices posuere cubilia curae donec pharetra magna vestibulum aliquet ultrices erat tortor sollicitudin mi sit amet lobortis sapien sapien', 3133, '2022-05-23'),
    (100, 'justo etiam', 'vestibulum vestibulum ante ipsum primis in faucibus orci luctus et ultrices posuere cubilia curae nulla dapibus dolor vel', 439, '2021-07-23'),
    (77, 'augue', 'quis orci eget orci vehicula condimentum curabitur in libero ut massa volutpat convallis morbi odio odio elementum eu interdum eu tincidunt in leo maecenas pulvinar lobortis est phasellus sit amet', 5672, '2022-05-23'),
    (18, 'nam dui', 'leo odio porttitor id consequat in consequat ut nulla sed accumsan felis ut', 5681, '2021-06-23'),
    (20, 'nulla', 'curabitur in libero ut massa volutpat convallis morbi odio odio elementum eu interdum eu tincidunt in leo maecenas pulvinar', 872, '2022-03-27'),
    (100, 'ipsum dolor sit', 'quisque erat eros viverra eget congue eget semper rutrum nulla nunc purus phasellus in felis donec', 1816, '2022-01-04'),
    (68, 'proin', 'cras mi pede malesuada in imperdiet et commodo vulputate justo in blandit ultrices enim lorem ipsum dolor sit amet consectetuer adipiscing elit proin', 113, '2022-03-06'),
    (7, 'duis aliquam', 'nam nulla integer pede justo lacinia eget tincidunt eget tempus vel pede morbi porttitor lorem id ligula suspendisse ornare consequat lectus in est', 362, '2021-11-14'),
    (9, 'turpis elementum', 'ut suscipit a feugiat et eros vestibulum ac est lacinia nisi venenatis tristique fusce congue diam id ornare imperdiet sapien urna pretium nisl', 4362, '2022-03-18'),
    (55, 'rutrum at lorem', 'vestibulum rutrum rutrum neque aenean auctor gravida sem praesent id massa id nisl', 5122, '2022-02-10'),
    (12, 'velit id pretium', 'consectetuer eget rutrum at lorem integer tincidunt ante vel ipsum praesent blandit lacinia erat vestibulum sed magna', 6319, '2021-11-21'),
    (58, 'mattis', 'est donec odio justo sollicitudin ut suscipit a feugiat et', 2880, '2021-10-21'),
    (56, 'habitasse platea dictumst', 'odio consequat varius integer ac leo pellentesque ultrices mattis odio donec vitae nisi nam', 6840, '2021-08-29'),
    (69, 'eu', 'enim blandit mi in porttitor pede justo eu massa donec dapibus duis at velit eu est congue', 4712, '2022-02-06'),
    (45, 'vitae', 'aenean sit amet justo morbi ut odio cras mi pede malesuada in imperdiet et commodo vulputate justo in blandit ultrices enim lorem ipsum dolor sit amet consectetuer adipiscing elit proin', 5484, '2021-06-25'),
    (100, 'posuere', 'vel nulla eget eros elementum pellentesque quisque porta volutpat erat quisque erat eros viverra', 5712, '2022-04-08'),
    (31, 'turpis a pede', 'ante vestibulum ante ipsum primis in faucibus orci luctus et ultrices posuere cubilia curae duis', 3618, '2022-01-29'),
    (29, 'massa tempor', 'sit amet diam in magna bibendum imperdiet nullam orci pede venenatis non sodales sed', 3173, '2021-10-20'),
    (79, 'nibh in', 'accumsan tortor quis turpis sed ante vivamus tortor duis mattis egestas metus aenean fermentum donec ut mauris', 3471, '2021-08-03'),
    (89, 'non', 'blandit nam nulla integer pede justo lacinia eget tincidunt eget tempus', 446, '2022-05-12'),
    (77, 'rutrum ac', 'augue vestibulum ante ipsum primis in faucibus orci luctus et ultrices posuere cubilia curae donec pharetra magna vestibulum aliquet ultrices erat tortor sollicitudin mi', 1315, '2022-01-05'),
    (82, 'lobortis', 'rhoncus dui vel sem sed sagittis nam congue risus semper porta', 3103, '2022-02-15'),
    (37, 'nullam', 'vel augue vestibulum ante ipsum primis in faucibus orci luctus et ultrices posuere cubilia curae donec pharetra magna vestibulum aliquet ultrices erat tortor sollicitudin mi sit amet', 2698, '2022-05-06'),
    (49, 'nisi', 'ut rhoncus aliquet pulvinar sed nisl nunc rhoncus dui vel sem sed sagittis nam congue risus semper porta volutpat quam pede lobortis ligula', 3367, '2021-07-30'),
    (27, 'ante ipsum primis', 'accumsan felis ut at dolor quis odio consequat varius integer ac leo pellentesque ultrices mattis odio donec vitae nisi nam ultrices libero non mattis pulvinar nulla pede ullamcorper augue', 899, '2022-04-21'),
    (2, 'nonummy integer', 'odio elementum eu interdum eu tincidunt in leo maecenas pulvinar lobortis', 3094, '2022-01-14'),
    (13, 'eget semper rutrum', 'sodales sed tincidunt eu felis fusce posuere felis sed lacus morbi sem mauris laoreet ut rhoncus aliquet pulvinar sed nisl nunc rhoncus dui vel sem sed sagittis nam congue', 18, '2021-11-10'),
    (11, 'ante', 'nullam porttitor lacus at turpis donec posuere metus vitae ipsum aliquam non mauris morbi non lectus aliquam sit amet diam in magna bibendum imperdiet nullam orci pede', 4569, '2021-10-28'),
    (27, 'faucibus', 'condimentum neque sapien placerat ante nulla justo aliquam quis turpis eget elit sodales scelerisque mauris sit amet', 3473, '2021-12-16'),
    (1, 'in sagittis', 'ut dolor morbi vel lectus in quam fringilla rhoncus mauris enim leo rhoncus sed vestibulum sit amet cursus id', 6364, '2021-11-25'),
    (33, 'praesent blandit nam', 'interdum in ante vestibulum ante ipsum primis in faucibus orci luctus et', 4973, '2021-09-16'),
    (14, 'id', 'morbi ut odio cras mi pede malesuada in imperdiet et commodo vulputate justo in blandit ultrices', 5634, '2021-09-12'),
    (64, 'vestibulum sit', 'dui maecenas tristique est et tempus semper est quam pharetra magna ac consequat metus sapien ut nunc vestibulum', 2860, '2022-03-02'),
    (41, 'vel enim', 'dictumst etiam faucibus cursus urna ut tellus nulla ut erat id mauris vulputate elementum nullam varius nulla facilisi cras non velit nec nisi vulputate nonummy maecenas tincidunt', 6275, '2022-04-23'),
    (26, 'eleifend', 'vel augue vestibulum rutrum rutrum neque aenean auctor gravida sem praesent id massa id nisl venenatis lacinia aenean sit amet justo morbi ut odio cras', 2030, '2021-06-03'),
    (5, 'ornare imperdiet', 'id lobortis convallis tortor risus dapibus augue vel accumsan tellus nisi eu orci mauris lacinia sapien quis libero nullam sit amet turpis', 3756, '2022-04-04'),
    (32, 'neque vestibulum eget', 'duis aliquam convallis nunc proin at turpis a pede posuere nonummy integer non velit donec', 5934, '2021-06-04'),
    (50, 'enim', 'gravida nisi at nibh in hac habitasse platea dictumst aliquam augue quam sollicitudin vitae consectetuer eget rutrum at lorem integer tincidunt ante vel ipsum praesent blandit lacinia erat vestibulum sed', 2435, '2022-04-13'),
    (92, 'id justo', 'volutpat in congue etiam justo etiam pretium iaculis justo in hac habitasse platea dictumst etiam faucibus cursus urna ut tellus nulla ut erat id mauris vulputate elementum nullam', 2508, '2021-09-19'),
    (22, 'nunc', 'congue diam id ornare imperdiet sapien urna pretium nisl ut volutpat', 7021, '2022-04-07'),
    (13, 'nisl aenean lectus', 'sem praesent id massa id nisl venenatis lacinia aenean sit amet justo morbi', 708, '2021-10-10'),
    (14, 'amet', 'pede ac diam cras pellentesque volutpat dui maecenas tristique est et tempus semper est quam pharetra magna ac consequat metus sapien ut nunc vestibulum ante ipsum primis', 4749, '2021-11-28'),
    (48, 'in hac habitasse', 'eu nibh quisque id justo sit amet sapien dignissim vestibulum vestibulum ante ipsum primis in faucibus orci luctus et ultrices', 697, '2022-05-02'),
    (76, 'in hac habitasse', 'quisque ut erat curabitur gravida nisi at nibh in hac habitasse platea dictumst aliquam augue quam sollicitudin vitae consectetuer eget rutrum', 800, '2021-10-08'),
    (44, 'sapien cum', 'cubilia curae donec pharetra magna vestibulum aliquet ultrices erat tortor sollicitudin mi sit amet lobortis', 1397, '2021-08-03'),
    (14, 'felis fusce posuere', 'nullam porttitor lacus at turpis donec posuere metus vitae ipsum', 2346, '2022-02-23'),
    (44, 'leo', 'porta volutpat quam pede lobortis ligula sit amet eleifend pede', 3604, '2022-01-19'),
    (50, 'condimentum curabitur in', 'quis odio consequat varius integer ac leo pellentesque ultrices mattis odio donec vitae nisi nam ultrices libero non', 3756, '2021-06-08'),
    (30, 'lectus pellentesque at', 'amet nunc viverra dapibus nulla suscipit ligula in lacus curabitur', 6474, '2022-01-04'),
    (91, 'a', 'elementum pellentesque quisque porta volutpat erat quisque erat eros viverra eget congue', 6929, '2021-10-04'),
    (53, 'morbi non', 'quis turpis eget elit sodales scelerisque mauris sit amet eros suspendisse accumsan tortor quis turpis sed ante vivamus tortor duis mattis egestas metus aenean fermentum donec ut', 5009, '2022-05-21'),
    (98, 'auctor', 'in hac habitasse platea dictumst maecenas ut massa quis augue', 5104, '2021-09-10'),
    (26, 'in faucibus', 'donec pharetra magna vestibulum aliquet ultrices erat tortor sollicitudin mi sit amet lobortis sapien sapien non', 6291, '2022-04-30'),
    (94, 'sit amet', 'volutpat sapien arcu sed augue aliquam erat volutpat in congue etiam justo etiam pretium iaculis justo in hac habitasse platea', 1289, '2021-07-05'),
    (98, 'proin risus', 'porttitor id consequat in consequat ut nulla sed accumsan felis ut at dolor quis odio consequat varius integer ac leo pellentesque ultrices mattis odio donec', 1217, '2022-03-16'),
    (88, 'at turpis', 'non quam nec dui luctus rutrum nulla tellus in sagittis dui vel nisl duis ac nibh fusce lacus purus aliquet at feugiat non pretium', 5527, '2021-10-04'),
    (64, 'non interdum in', 'mauris sit amet eros suspendisse accumsan tortor quis turpis sed ante vivamus tortor duis mattis egestas metus aenean fermentum donec ut mauris eget massa tempor convallis nulla neque libero', 4310, '2021-11-07'),
    (55, 'pede morbi porttitor', 'vestibulum sit amet cursus id turpis integer aliquet massa id lobortis convallis tortor risus dapibus augue vel', 85, '2021-07-29'),
    (20, 'adipiscing', 'ultrices posuere cubilia curae donec pharetra magna vestibulum aliquet ultrices erat tortor sollicitudin mi sit amet lobortis sapien sapien non mi integer ac neque duis bibendum morbi', 5041, '2022-01-04'),
    (54, 'diam', 'rutrum neque aenean auctor gravida sem praesent id massa id nisl', 5030, '2022-04-17'),
    (96, 'velit id', 'ut blandit non interdum in ante vestibulum ante ipsum primis in faucibus orci luctus et ultrices posuere cubilia curae duis faucibus accumsan odio curabitur convallis duis consequat dui nec', 1487, '2021-07-02'),
    (12, 'at', 'elit proin risus praesent lectus vestibulum quam sapien varius ut', 262, '2022-01-06'),
    (90, 'ut massa', 'arcu libero rutrum ac lobortis vel dapibus at diam nam tristique', 2991, '2022-01-28'),
    (21, 'lobortis sapien', 'amet consectetuer adipiscing elit proin interdum mauris non ligula pellentesque ultrices phasellus id sapien in sapien iaculis', 6354, '2022-05-25'),
    (89, 'diam', 'euismod scelerisque quam turpis adipiscing lorem vitae mattis nibh ligula nec sem duis aliquam convallis nunc proin', 4445, '2021-12-30'),
    (25, 'sapien', 'eget nunc donec quis orci eget orci vehicula condimentum curabitur in libero ut massa volutpat convallis morbi', 1038, '2021-06-15'),
    (26, 'porta volutpat quam', 'sed tristique in tempus sit amet sem fusce consequat nulla nisl nunc nisl duis bibendum felis sed interdum venenatis turpis enim blandit', 6021, '2021-12-15'),
    (42, 'erat', 'ut suscipit a feugiat et eros vestibulum ac est lacinia nisi venenatis tristique fusce congue diam id ornare imperdiet sapien urna pretium nisl', 2381, '2022-05-05'),
    (11, 'eget congue eget', 'ultrices phasellus id sapien in sapien iaculis congue vivamus metus arcu adipiscing molestie hendrerit at vulputate vitae nisl aenean lectus pellentesque eget nunc donec quis orci eget orci', 828, '2022-04-04'),
    (56, 'praesent lectus vestibulum', 'in libero ut massa volutpat convallis morbi odio odio elementum eu interdum', 4285, '2021-09-03'),
    (31, 'massa donec', 'nulla tellus in sagittis dui vel nisl duis ac nibh fusce lacus purus aliquet at feugiat non pretium quis lectus suspendisse potenti in eleifend quam a odio in hac habitasse', 2333, '2021-11-13'),
    (90, 'donec ut dolor', 'orci mauris lacinia sapien quis libero nullam sit amet turpis elementum ligula vehicula consequat', 4524, '2021-08-19'),
    (74, 'habitasse', 'sed justo pellentesque viverra pede ac diam cras pellentesque volutpat dui maecenas tristique est et tempus semper est', 4848, '2022-03-24'),
    (32, 'sapien ut nunc', 'eleifend pede libero quis orci nullam molestie nibh in lectus pellentesque at nulla suspendisse potenti cras in purus eu magna vulputate luctus cum sociis natoque penatibus et magnis dis parturient', 881, '2022-01-18'),
    (89, 'tincidunt ante vel', 'pede lobortis ligula sit amet eleifend pede libero quis orci nullam molestie nibh in lectus pellentesque at nulla suspendisse potenti cras in purus eu magna vulputate luctus cum', 2202, '2021-07-27'),
    (28, 'eget elit', 'non lectus aliquam sit amet diam in magna bibendum imperdiet nullam orci', 437, '2021-07-04'),
    (24, 'nisl nunc', 'sapien ut nunc vestibulum ante ipsum primis in faucibus orci luctus et ultrices posuere cubilia', 3398, '2022-03-30'),
    (57, 'nec', 'erat quisque erat eros viverra eget congue eget semper rutrum nulla nunc purus phasellus in felis donec semper sapien a', 6493, '2022-05-10'),
    (65, 'nulla ac enim', 'pede ullamcorper augue a suscipit nulla elit ac nulla sed vel enim sit amet nunc', 3578, '2022-03-11'),
    (84, 'amet justo', 'vestibulum eget vulputate ut ultrices vel augue vestibulum ante ipsum primis in faucibus orci luctus et ultrices posuere', 4707, '2021-10-28'),
    (22, 'nonummy', 'consectetuer adipiscing elit proin interdum mauris non ligula pellentesque ultrices phasellus id sapien in sapien iaculis congue vivamus metus arcu adipiscing molestie hendrerit at vulputate vitae nisl aenean lectus', 3629, '2022-03-07'),
    (93, 'est phasellus sit', 'consequat metus sapien ut nunc vestibulum ante ipsum primis in faucibus orci luctus et ultrices posuere cubilia curae mauris viverra diam vitae quam suspendisse potenti nullam', 6166, '2021-09-04'),
    (25, 'pede ullamcorper augue', 'ornare consequat lectus in est risus auctor sed tristique in tempus sit amet sem fusce consequat nulla nisl nunc nisl duis bibendum felis sed interdum', 6565, '2022-03-09'),
    (86, 'ante', 'ut tellus nulla ut erat id mauris vulputate elementum nullam varius nulla facilisi cras non velit nec nisi vulputate nonummy maecenas tincidunt lacus at velit vivamus vel nulla eget eros', 1742, '2022-03-07'),
    (89, 'vel lectus in', 'molestie hendrerit at vulputate vitae nisl aenean lectus pellentesque eget nunc donec quis', 1571, '2022-03-12'),
    (80, 'fusce congue', 'feugiat non pretium quis lectus suspendisse potenti in eleifend quam a', 5547, '2022-02-14'),
    (47, 'ultrices posuere cubilia', 'pretium quis lectus suspendisse potenti in eleifend quam a odio in hac habitasse platea dictumst maecenas ut massa quis augue luctus tincidunt nulla mollis molestie lorem quisque ut erat', 3180, '2022-04-30'),
    (51, 'vestibulum', 'magna ac consequat metus sapien ut nunc vestibulum ante ipsum primis in faucibus orci luctus et ultrices posuere cubilia curae mauris', 1879, '2021-11-28'),
    (53, 'quam', 'donec ut dolor morbi vel lectus in quam fringilla rhoncus mauris enim leo rhoncus sed vestibulum sit', 1775, '2022-04-30'),
    (76, 'id', 'ante vestibulum ante ipsum primis in faucibus orci luctus et ultrices', 2273, '2022-02-25'),
    (51, 'elit proin', 'at nunc commodo placerat praesent blandit nam nulla integer pede', 2682, '2021-12-05'),
    (53, 'consequat in', 'auctor gravida sem praesent id massa id nisl venenatis lacinia aenean sit amet justo morbi ut odio cras mi pede malesuada in imperdiet et commodo vulputate justo', 5568, '2022-04-01'),
    (22, 'quam sollicitudin vitae', 'egestas metus aenean fermentum donec ut mauris eget massa tempor convallis nulla neque libero convallis eget eleifend luctus ultricies eu nibh', 3923, '2021-08-18'),
    (42, 'convallis tortor', 'ultrices vel augue vestibulum ante ipsum primis in faucibus orci luctus et ultrices posuere cubilia curae donec pharetra magna vestibulum aliquet ultrices erat tortor sollicitudin mi sit amet lobortis sapien', 2367, '2022-02-04'),
    (85, 'eu', 'posuere felis sed lacus morbi sem mauris laoreet ut rhoncus aliquet pulvinar sed nisl nunc rhoncus dui vel sem', 4877, '2021-08-16'),
    (74, 'varius integer', 'a libero nam dui proin leo odio porttitor id consequat in consequat ut nulla sed accumsan felis ut at dolor quis odio consequat', 133, '2022-04-05'),
    (33, 'nec dui', 'curae donec pharetra magna vestibulum aliquet ultrices erat tortor sollicitudin mi sit amet lobortis sapien sapien', 7048, '2021-11-10'),
    (80, 'quisque arcu libero', 'odio in hac habitasse platea dictumst maecenas ut massa quis augue luctus tincidunt nulla mollis', 4550, '2021-11-26'),
    (52, 'cras mi pede', 'ut nunc vestibulum ante ipsum primis in faucibus orci luctus et ultrices posuere cubilia curae mauris', 1789, '2021-07-19'),
    (15, 'nonummy integer', 'non interdum in ante vestibulum ante ipsum primis in faucibus orci luctus et ultrices posuere cubilia curae duis faucibus accumsan odio curabitur convallis duis', 7173, '2022-02-15'),
    (85, 'odio', 'ipsum ac tellus semper interdum mauris ullamcorper purus sit amet nulla quisque arcu', 5870, '2022-04-14'),
    (60, 'leo rhoncus', 'amet sapien dignissim vestibulum vestibulum ante ipsum primis in faucibus orci luctus et ultrices posuere cubilia curae nulla dapibus dolor vel est donec odio justo sollicitudin', 4450, '2022-03-12'),
    (79, 'eu mi nulla', 'lectus suspendisse potenti in eleifend quam a odio in hac habitasse platea dictumst maecenas ut massa quis augue luctus tincidunt nulla mollis molestie', 4356, '2022-05-22'),
    (33, 'sem', 'nisi nam ultrices libero non mattis pulvinar nulla pede ullamcorper augue a suscipit nulla elit ac nulla sed vel', 3036, '2021-12-19'),
    (55, 'id luctus nec', 'volutpat convallis morbi odio odio elementum eu interdum eu tincidunt in leo maecenas pulvinar lobortis', 5802, '2022-02-10'),
    (87, 'dapibus', 'habitasse platea dictumst etiam faucibus cursus urna ut tellus nulla ut erat id mauris vulputate elementum nullam varius nulla facilisi cras non', 1786, '2021-07-18'),
    (70, 'cubilia curae', 'leo maecenas pulvinar lobortis est phasellus sit amet erat nulla tempus vivamus in felis eu sapien cursus vestibulum proin eu mi nulla ac enim in tempor turpis nec euismod', 4414, '2021-10-26'),
    (61, 'donec posuere metus', 'libero ut massa volutpat convallis morbi odio odio elementum eu', 1734, '2022-01-27'),
    (50, 'imperdiet et', 'nam dui proin leo odio porttitor id consequat in consequat ut nulla sed accumsan felis ut at dolor quis odio consequat varius integer ac', 6058, '2021-11-14'),
    (58, 'mauris', 'dis parturient montes nascetur ridiculus mus etiam vel augue vestibulum rutrum rutrum neque aenean auctor gravida sem praesent id massa id', 1594, '2021-10-10'),
    (69, 'justo in', 'curae duis faucibus accumsan odio curabitur convallis duis consequat dui nec nisi volutpat eleifend donec ut dolor morbi vel lectus in quam fringilla rhoncus mauris enim leo', 796, '2022-01-02'),
    (90, 'ornare consequat', 'elementum eu interdum eu tincidunt in leo maecenas pulvinar lobortis est phasellus sit amet erat nulla tempus vivamus in felis eu sapien cursus vestibulum proin eu', 851, '2021-09-28'),
    (43, 'mauris ullamcorper', 'elit sodales scelerisque mauris sit amet eros suspendisse accumsan tortor quis turpis', 4127, '2022-02-08'),
    (6, 'platea', 'nisi venenatis tristique fusce congue diam id ornare imperdiet sapien urna pretium nisl ut volutpat sapien arcu sed augue aliquam erat volutpat in congue', 1262, '2022-03-07'),
    (46, 'vel augue', 'pretium iaculis justo in hac habitasse platea dictumst etiam faucibus cursus urna ut', 6114, '2022-05-10'),
    (38, 'aenean', 'sed tincidunt eu felis fusce posuere felis sed lacus morbi sem mauris laoreet ut rhoncus aliquet pulvinar sed', 327, '2021-10-15'),
    (60, 'interdum mauris ullamcorper', 'orci pede venenatis non sodales sed tincidunt eu felis fusce posuere felis sed', 3802, '2022-04-30'),
    (43, 'nulla integer pede', 'faucibus orci luctus et ultrices posuere cubilia curae donec pharetra magna vestibulum aliquet', 1662, '2021-11-02'),
    (89, 'eget nunc', 'ut dolor morbi vel lectus in quam fringilla rhoncus mauris enim leo rhoncus sed vestibulum sit amet cursus id', 43, '2022-01-23'),
    (1, 'morbi odio', 'dis parturient montes nascetur ridiculus mus vivamus vestibulum sagittis sapien cum', 4657, '2021-10-18'),
    (28, 'eget congue eget', 'volutpat erat quisque erat eros viverra eget congue eget semper rutrum nulla nunc purus phasellus in felis donec semper sapien a', 5230, '2022-02-21'),
    (53, 'vestibulum', 'convallis eget eleifend luctus ultricies eu nibh quisque id justo sit amet sapien dignissim vestibulum vestibulum ante ipsum primis in faucibus orci luctus', 5261, '2021-08-14'),
    (51, 'at ipsum', 'aenean sit amet justo morbi ut odio cras mi pede malesuada in imperdiet et commodo vulputate justo in blandit ultrices enim lorem ipsum dolor sit amet consectetuer adipiscing elit proin', 4560, '2022-02-26'),
    (71, 'purus eu', 'amet nunc viverra dapibus nulla suscipit ligula in lacus curabitur at ipsum ac tellus semper interdum mauris ullamcorper purus sit amet nulla quisque arcu', 4307, '2022-03-06'),
    (28, 'aenean sit amet', 'id ligula suspendisse ornare consequat lectus in est risus auctor sed tristique in tempus sit amet sem fusce consequat nulla nisl nunc nisl duis bibendum felis', 2460, '2022-03-14'),
    (26, 'maecenas ut', 'molestie hendrerit at vulputate vitae nisl aenean lectus pellentesque eget nunc donec quis orci eget', 2301, '2022-02-27'),
    (27, 'congue eget', 'ipsum ac tellus semper interdum mauris ullamcorper purus sit amet nulla quisque arcu libero rutrum ac lobortis vel dapibus at diam', 511, '2022-02-08'),
    (54, 'nex cassel', 'in lectus pellentesque at nulla suspendisse potenti cras in purus eu magna vulputate luctus cum sociis natoque penatibus et magnis dis parturient montes nascetur ridiculus mus', 3439, '2022-02-23'),
    (10, 'quisque porta', 'proin leo odio porttitor id consequat in consequat ut nulla sed accumsan felis ut at dolor quis odio', 5801, '2021-07-17'),
    (48, 'quisque ut erat', 'vel lectus in quam fringilla rhoncus mauris enim leo rhoncus sed vestibulum sit amet cursus id turpis integer aliquet', 7133, '2022-02-14'),
    (18, 'cubilia curae', 'metus aenean fermentum donec ut mauris eget massa tempor convallis nulla neque libero convallis eget eleifend luctus ultricies eu nibh quisque id justo sit amet', 6818, '2021-08-16'),
    (20, 'velit', 'posuere nonummy integer non velit donec diam neque vestibulum eget vulputate ut ultrices vel augue vestibulum ante ipsum primis in faucibus orci luctus et ultrices posuere cubilia', 2741, '2022-05-19'),
    (54, 'odio', 'dui vel nisl duis ac nibh fusce lacus purus aliquet at feugiat non pretium quis lectus suspendisse potenti in', 5276, '2021-09-27'),
    (56, 'dui', 'primis in faucibus orci luctus et ultrices posuere cubilia curae donec pharetra magna vestibulum aliquet ultrices erat tortor sollicitudin mi sit', 2979, '2022-01-31'),
    (31, 'nec', 'nulla tempus vivamus in felis eu sapien cursus vestibulum proin eu mi nulla ac enim in tempor turpis nec euismod scelerisque quam turpis adipiscing lorem vitae mattis nibh', 3475, '2021-06-17'),
    (37, 'nulla integer pede', 'suspendisse potenti in eleifend quam a odio in hac habitasse platea', 3941, '2021-12-26'),
    (5, 'ipsum dolor', 'fusce congue diam id ornare imperdiet sapien urna pretium nisl ut volutpat sapien arcu sed augue aliquam erat volutpat in congue etiam justo etiam pretium iaculis justo in', 2019, '2021-06-01'),
    (73, 'curae duis faucibus', 'blandit nam nulla integer pede justo lacinia eget tincidunt eget tempus vel pede morbi porttitor', 1757, '2021-10-26'),
    (61, 'duis ac nibh', 'vel pede morbi porttitor lorem id ligula suspendisse ornare consequat lectus in est risus auctor sed tristique in tempus sit amet sem fusce consequat nulla nisl nunc nisl', 4521, '2021-10-30'),
    (33, 'lobortis sapien sapien', 'blandit lacinia erat vestibulum sed magna at nunc commodo placerat praesent blandit nam nulla integer pede justo lacinia eget tincidunt eget tempus vel', 1959, '2022-04-07'),
    (97, 'in', 'maecenas pulvinar lobortis est phasellus sit amet erat nulla tempus vivamus in felis eu sapien cursus vestibulum proin eu mi nulla ac enim in tempor', 2893, '2021-05-27'),
    (87, 'interdum mauris non', 'quam pharetra magna ac consequat metus sapien ut nunc vestibulum ante ipsum primis in faucibus orci luctus et ultrices posuere cubilia curae mauris viverra diam vitae quam', 873, '2021-08-01'),
    (43, 'eu felis', 'faucibus orci luctus et ultrices posuere cubilia curae duis faucibus accumsan odio curabitur convallis duis', 673, '2021-09-17'),
    (50, 'eget', 'posuere cubilia curae nulla dapibus dolor vel est donec odio justo', 1661, '2021-10-09'),
    (71, 'enim', 'dictumst aliquam augue quam sollicitudin vitae consectetuer eget rutrum at lorem integer tincidunt ante vel ipsum praesent blandit lacinia erat vestibulum sed magna at nunc', 5422, '2022-02-18'),
    (43, 'cubilia curae', 'sapien arcu sed augue aliquam erat volutpat in congue etiam justo etiam pretium iaculis justo', 324, '2022-04-20'),
    (36, 'pede lobortis ligula', 'in faucibus orci luctus et ultrices posuere cubilia curae nulla dapibus dolor vel est donec odio justo sollicitudin ut', 5976, '2021-11-27'),
    (59, 'nam dui', 'interdum eu tincidunt in leo maecenas pulvinar lobortis est phasellus sit amet erat nulla tempus vivamus in felis eu sapien cursus vestibulum proin eu mi nulla ac', 2874, '2022-02-18'),
    (72, 'viverra eget', 'tellus nulla ut erat id mauris vulputate elementum nullam varius nulla facilisi cras non velit nec nisi vulputate nonummy maecenas tincidunt lacus at', 4562, '2022-03-12'),
    (22, 'vel augue vestibulum', 'massa tempor convallis nulla neque libero convallis eget eleifend luctus ultricies eu nibh quisque id justo sit amet sapien dignissim vestibulum', 7176, '2022-01-01'),
    (16, 'consequat nulla nisl', 'risus auctor sed tristique in tempus sit amet sem fusce consequat nulla nisl nunc nisl duis bibendum felis sed interdum venenatis turpis enim blandit mi in porttitor pede', 4587, '2021-07-05'),
    (55, 'sapien varius ut', 'aenean sit amet justo morbi ut odio cras mi pede malesuada in imperdiet et commodo vulputate justo in blandit ultrices enim lorem ipsum dolor sit amet consectetuer adipiscing elit proin', 6817, '2021-06-21'),
    (13, 'luctus et ultrices', 'vel nulla eget eros elementum pellentesque quisque porta volutpat erat quisque erat eros viverra eget congue eget semper rutrum nulla nunc purus', 6382, '2021-10-11'),
    (38, 'vitae', 'et tempus semper est quam pharetra magna ac consequat metus sapien ut nunc vestibulum ante ipsum primis in', 5237, '2021-06-18'),
    (28, 'nulla sed', 'ullamcorper purus sit amet nulla quisque arcu libero rutrum ac lobortis vel dapibus at diam nam tristique tortor eu', 956, '2021-11-30'),
    (93, 'congue', 'phasellus sit amet erat nulla tempus vivamus in felis eu sapien cursus vestibulum proin eu mi nulla ac enim in tempor turpis nec euismod scelerisque quam turpis adipiscing lorem', 4257, '2021-12-02'),
    (62, 'sodales', 'ultrices vel augue vestibulum ante ipsum primis in faucibus orci luctus et ultrices posuere cubilia curae donec pharetra magna vestibulum aliquet ultrices erat tortor sollicitudin mi sit amet lobortis', 4021, '2021-10-11'),
    (69, 'habitasse', 'mi in porttitor pede justo eu massa donec dapibus duis at velit eu est congue', 3736, '2021-09-07'),
    (28, 'lectus', 'metus sapien ut nunc vestibulum ante ipsum primis in faucibus orci luctus et ultrices posuere cubilia curae mauris viverra diam vitae quam', 2122, '2022-01-01'),
    (78, 'tortor', 'lectus pellentesque at nulla suspendisse potenti cras in purus eu magna vulputate luctus cum sociis natoque penatibus et magnis', 5175, '2021-06-28'),
    (64, 'ultrices', 'convallis eget eleifend luctus ultricies eu nibh quisque id justo', 544, '2021-08-01'),
    (50, 'auctor gravida sem', 'libero convallis eget eleifend luctus ultricies eu nibh quisque id justo sit amet sapien dignissim', 1002, '2022-01-25'),
    (30, 'mauris eget', 'adipiscing molestie hendrerit at vulputate vitae nisl aenean lectus pellentesque eget nunc donec quis orci', 2278, '2021-10-03'),
    (22, 'imperdiet', 'id nulla ultrices aliquet maecenas leo odio condimentum id luctus nec molestie', 3506, '2021-12-22'),
    (25, 'ac', 'feugiat et eros vestibulum ac est lacinia nisi venenatis tristique fusce congue diam id', 315, '2022-04-10'),
    (20, 'vel accumsan tellus', 'ligula sit amet eleifend pede libero quis orci nullam molestie nibh', 723, '2021-08-14'),
    (11, 'odio', 'congue etiam justo etiam pretium iaculis justo in hac habitasse platea dictumst etiam faucibus cursus urna ut tellus nulla ut erat id mauris vulputate', 3187, '2021-05-28'),
    (50, 'vestibulum', 'vulputate luctus cum sociis natoque penatibus et magnis dis parturient montes nascetur ridiculus mus vivamus vestibulum sagittis', 4178, '2021-07-12'),
    (86, 'maecenas tincidunt lacus', 'vivamus in felis eu sapien cursus vestibulum proin eu mi nulla ac enim in tempor turpis nec euismod scelerisque quam turpis adipiscing', 3279, '2021-08-14'),
    (28, 'vestibulum eget', 'mollis molestie lorem quisque ut erat curabitur gravida nisi at nibh in hac habitasse platea dictumst aliquam augue quam sollicitudin vitae consectetuer eget rutrum at lorem integer tincidunt', 1549, '2022-04-07'),
    (48, 'faucibus accumsan odio', 'semper sapien a libero nam dui proin leo odio porttitor id consequat in consequat ut nulla sed accumsan felis', 2102, '2021-06-19'),
    (79, 'in quam fringilla', 'ligula sit amet eleifend pede libero quis orci nullam molestie nibh in lectus pellentesque at nulla suspendisse potenti cras in purus eu magna vulputate luctus cum sociis natoque penatibus et', 6796, '2021-12-11'),
    (61, 'semper', 'nascetur ridiculus mus vivamus vestibulum sagittis sapien cum sociis natoque penatibus et magnis dis parturient montes nascetur ridiculus mus etiam vel augue vestibulum', 5830, '2021-09-12'),
    (91, 'sem', 'quis justo maecenas rhoncus aliquam lacus morbi quis tortor id nulla ultrices aliquet maecenas leo odio condimentum id luctus nec molestie sed', 4808, '2022-04-26'),
    (26, 'est risus auctor', 'nonummy integer non velit donec diam neque vestibulum eget vulputate ut ultrices vel augue vestibulum ante ipsum primis in faucibus orci luctus et ultrices', 1754, '2021-11-22'),
    (17, 'velit', 'primis in faucibus orci luctus et ultrices posuere cubilia curae donec pharetra magna vestibulum aliquet ultrices erat tortor sollicitudin', 6263, '2022-04-23'),
    (15, 'sodales scelerisque mauris', 'felis donec semper sapien a libero nam dui proin leo odio porttitor id consequat in consequat ut', 3306, '2022-04-26'),
    (20, 'arcu', 'orci nullam molestie nibh in lectus pellentesque at nulla suspendisse potenti', 1955, '2021-09-08'),
    (96, 'risus praesent lectus', 'vestibulum eget vulputate ut ultrices vel augue vestibulum ante ipsum primis in', 5434, '2021-07-23'),
    (35, 'commodo vulputate justo', 'vestibulum rutrum rutrum neque aenean auctor gravida sem praesent id massa id nisl venenatis lacinia aenean sit amet justo morbi ut odio cras mi', 3560, '2021-12-26'),
    (3, 'ultricies eu', 'suspendisse potenti nullam porttitor lacus at turpis donec posuere metus vitae ipsum aliquam non mauris morbi non lectus aliquam sit amet diam', 2639, '2021-11-01'),
    (32, 'vestibulum', 'non pretium quis lectus suspendisse potenti in eleifend quam a odio in hac habitasse platea dictumst maecenas ut massa quis augue luctus tincidunt nulla mollis molestie lorem quisque ut', 4614, '2021-08-09'),
    (11, 'ligula pellentesque', 'iaculis diam erat fermentum justo nec condimentum neque sapien placerat ante nulla justo aliquam quis', 217, '2022-03-22'),
    (20, 'vulputate nonummy maecenas', 'id massa id nisl venenatis lacinia aenean sit amet justo morbi ut odio cras mi pede malesuada in imperdiet et commodo vulputate justo in blandit ultrices enim lorem ipsum dolor', 1906, '2021-09-08'),
    (3, 'curae', 'et commodo vulputate justo in blandit ultrices enim lorem ipsum dolor sit amet consectetuer adipiscing', 2091, '2021-07-27'),
    (90, 'sapien', 'amet consectetuer adipiscing elit proin risus praesent lectus vestibulum quam sapien varius ut blandit non interdum in ante vestibulum', 1021, '2021-10-25'),
    (61, 'pede', 'lacinia erat vestibulum sed magna at nunc commodo placerat praesent blandit nam nulla integer pede justo', 2787, '2022-01-29'),
    (19, 'magnis dis parturient', 'vulputate justo in blandit ultrices enim lorem ipsum dolor sit amet consectetuer adipiscing elit proin interdum mauris non ligula pellentesque ultrices phasellus id sapien', 7041, '2021-07-11'),
    (54, 'nulla', 'rhoncus mauris enim leo rhoncus sed vestibulum sit amet cursus id turpis integer aliquet massa id lobortis convallis tortor risus dapibus augue vel accumsan tellus nisi eu', 3830, '2022-04-11'),
    (97, 'ipsum dolor sit', 'vitae consectetuer eget rutrum at lorem integer tincidunt ante vel ipsum praesent blandit lacinia erat vestibulum sed magna at nunc commodo placerat', 3340, '2021-08-05'),
    (97, 'justo maecenas rhoncus', 'orci eget orci vehicula condimentum curabitur in libero ut massa volutpat convallis morbi odio odio elementum eu interdum eu tincidunt in leo', 4319, '2022-02-20'),
    (6, 'sapien', 'vestibulum eget vulputate ut ultrices vel augue vestibulum ante ipsum primis in faucibus orci luctus et ultrices posuere cubilia curae donec', 43, '2021-11-07'),
    (76, 'tortor risus', 'interdum in ante vestibulum ante ipsum primis in faucibus orci luctus et ultrices posuere cubilia curae duis faucibus accumsan odio curabitur convallis duis consequat dui nec nisi volutpat', 4940, '2022-05-15'),
    (56, 'pretium iaculis diam', 'in felis donec semper sapien a libero nam dui proin leo odio porttitor id consequat in consequat ut nulla sed accumsan felis ut at dolor quis odio consequat varius', 1006, '2022-01-17'),
    (97, 'velit vivamus', 'viverra pede ac diam cras pellentesque volutpat dui maecenas tristique est et', 152, '2021-07-19'),
    (77, 'proin eu mi', 'odio condimentum id luctus nec molestie sed justo pellentesque viverra pede ac diam cras pellentesque volutpat', 3394, '2021-09-22'),
    (33, 'diam nam tristique', 'quis turpis eget elit sodales scelerisque mauris sit amet eros suspendisse accumsan tortor quis turpis sed ante vivamus tortor duis mattis egestas metus aenean fermentum donec ut', 5932, '2021-07-28'),
    (5, 'suspendisse', 'curae donec pharetra magna vestibulum aliquet ultrices erat tortor sollicitudin mi sit amet lobortis sapien sapien non mi integer', 5223, '2021-08-25'),
    (57, 'primis', 'rhoncus mauris enim leo rhoncus sed vestibulum sit amet cursus id turpis integer aliquet massa id lobortis convallis tortor risus dapibus augue vel accumsan tellus nisi', 6053, '2021-11-08'),
    (30, 'condimentum neque', 'vestibulum vestibulum ante ipsum primis in faucibus orci luctus et ultrices posuere cubilia curae nulla dapibus dolor vel', 5924, '2022-03-31'),
    (10, 'curae', 'eu interdum eu tincidunt in leo maecenas pulvinar lobortis est phasellus', 2377, '2021-09-26'),
    (76, 'elementum nullam', 'semper rutrum nulla nunc purus phasellus in felis donec semper sapien a libero nam dui proin leo odio porttitor id consequat in consequat', 5398, '2021-10-11'),
    (50, 'ultrices vel augue', 'elementum in hac habitasse platea dictumst morbi vestibulum velit id pretium iaculis diam erat fermentum', 2559, '2021-06-18'),
    (3, 'ullamcorper purus sit', 'luctus rutrum nulla tellus in sagittis dui vel nisl duis ac nibh fusce lacus purus aliquet at feugiat non pretium quis', 1684, '2022-03-17'),
    (57, 'pulvinar nulla', 'accumsan tellus nisi eu orci mauris lacinia sapien quis libero nullam sit amet turpis elementum ligula vehicula consequat morbi', 4981, '2022-01-21'),
    (32, 'sed interdum venenatis', 'in libero ut massa volutpat convallis morbi odio odio elementum eu interdum eu tincidunt in leo maecenas', 5670, '2021-06-07'),
    (12, 'dolor sit amet', 'cras mi pede malesuada in imperdiet et commodo vulputate justo in blandit', 3821, '2021-06-17'),
    (39, 'tellus semper', 'ut massa quis augue luctus tincidunt nulla mollis molestie lorem quisque ut erat curabitur', 2153, '2022-01-04'),
    (5, 'donec posuere', 'cursus urna ut tellus nulla ut erat id mauris vulputate elementum nullam varius nulla facilisi cras non velit nec nisi vulputate nonummy maecenas', 4245, '2021-08-17'),
    (78, 'blandit mi in', 'blandit non interdum in ante vestibulum ante ipsum primis in faucibus orci luctus et', 455, '2021-10-24'),
    (49, 'suscipit ligula in', 'neque sapien placerat ante nulla justo aliquam quis turpis eget elit sodales scelerisque mauris sit amet eros suspendisse accumsan tortor', 4295, '2022-02-08'),
    (72, 'venenatis tristique', 'lobortis ligula sit amet eleifend pede libero quis orci nullam molestie nibh in lectus pellentesque at nulla suspendisse potenti cras in purus eu magna vulputate luctus cum', 3853, '2022-05-11'),
    (82, 'ante ipsum primis', 'habitasse platea dictumst etiam faucibus cursus urna ut tellus nulla ut erat id mauris vulputate elementum nullam varius nulla facilisi cras non velit nec nisi vulputate nonummy', 5647, '2021-06-07'),
    (11, 'vivamus', 'suscipit nulla elit ac nulla sed vel enim sit amet nunc viverra dapibus nulla suscipit ligula', 4394, '2021-12-03'),
    (100, 'imperdiet et commodo', 'suspendisse potenti nullam porttitor lacus at turpis donec posuere metus vitae ipsum aliquam non mauris morbi non lectus aliquam sit amet diam in magna bibendum imperdiet', 1411, '2022-02-28'),
    (97, 'quis', 'eget nunc donec quis orci eget orci vehicula condimentum curabitur in libero ut massa volutpat convallis morbi odio odio elementum eu interdum eu tincidunt in', 3666, '2021-12-03'),
    (62, 'amet', 'fermentum donec ut mauris eget massa tempor convallis nulla neque libero convallis eget eleifend luctus ultricies', 1289, '2021-12-04'),
    (87, 'ipsum', 'quis lectus suspendisse potenti in eleifend quam a odio in hac habitasse platea dictumst maecenas', 2654, '2022-01-11'),
    (14, 'nulla', 'enim in tempor turpis nec euismod scelerisque quam turpis adipiscing lorem vitae mattis nibh ligula nec sem duis', 3363, '2021-11-10'),
    (59, 'in eleifend', 'habitasse platea dictumst morbi vestibulum velit id pretium iaculis diam erat fermentum', 6695, '2021-11-21'),
    (92, 'nulla tempus vivamus', 'posuere cubilia curae duis faucibus accumsan odio curabitur convallis duis consequat dui nec', 4867, '2021-07-09'),
    (81, 'accumsan odio curabitur', 'at dolor quis odio consequat varius integer ac leo pellentesque ultrices mattis odio donec vitae nisi nam', 356, '2021-06-25'),
    (48, 'in', 'justo nec condimentum neque sapien placerat ante nulla justo aliquam quis turpis eget elit sodales scelerisque mauris sit amet eros suspendisse accumsan tortor quis turpis', 5540, '2021-09-12'),
    (94, 'nulla', 'nulla ac enim in tempor turpis nec euismod scelerisque quam turpis adipiscing lorem vitae mattis nibh ligula nec sem duis aliquam convallis nunc proin at turpis a', 5167, '2021-06-07'),
    (7, 'ornare imperdiet sapien', 'sapien arcu sed augue aliquam erat volutpat in congue etiam justo etiam pretium iaculis justo in hac habitasse', 6381, '2021-12-30'),
    (65, 'augue vel', 'sapien cursus vestibulum proin eu mi nulla ac enim in tempor turpis nec', 6994, '2021-07-10'),
    (15, 'ante', 'cubilia curae duis faucibus accumsan odio curabitur convallis duis consequat dui nec nisi volutpat eleifend donec ut dolor morbi vel lectus in quam fringilla rhoncus mauris enim leo rhoncus sed', 5853, '2022-04-12'),
    (83, 'odio justo sollicitudin', 'hac habitasse platea dictumst aliquam augue quam sollicitudin vitae consectetuer eget rutrum at lorem integer tincidunt ante vel ipsum praesent blandit lacinia erat vestibulum sed magna at nunc commodo', 3870, '2021-10-23'),
    (33, 'varius nulla', 'adipiscing elit proin risus praesent lectus vestibulum quam sapien varius ut blandit non', 1084, '2022-05-17'),
    (51, 'vestibulum sit amet', 'ac diam cras pellentesque volutpat dui maecenas tristique est et tempus semper est quam pharetra magna ac consequat metus sapien ut nunc vestibulum ante', 4304, '2021-12-01'),
    (50, 'viverra diam', 'convallis duis consequat dui nec nisi volutpat eleifend donec ut dolor morbi vel lectus in quam fringilla rhoncus mauris enim leo rhoncus sed vestibulum', 5382, '2022-02-04'),
    (59, 'pellentesque', 'erat vestibulum sed magna at nunc commodo placerat praesent blandit nam nulla integer pede', 2306, '2022-01-29'),
    (38, 'semper sapien a', 'tincidunt lacus at velit vivamus vel nulla eget eros elementum pellentesque quisque porta volutpat erat quisque erat eros viverra eget congue eget', 373, '2021-07-12'),
    (93, 'at', 'vestibulum ante ipsum primis in faucibus orci luctus et ultrices posuere cubilia curae', 944, '2021-10-12'),
    (54, 'ut dolor', 'donec ut dolor morbi vel lectus in quam fringilla rhoncus mauris enim leo rhoncus sed vestibulum sit amet cursus id turpis integer aliquet massa id lobortis convallis tortor risus', 3027, '2022-01-17'),
    (93, 'lacus at', 'ac leo pellentesque ultrices mattis odio donec vitae nisi nam ultrices libero non mattis pulvinar nulla pede ullamcorper augue a suscipit nulla elit ac nulla sed', 4779, '2021-09-26'),
    (10, 'quis justo', 'sed justo pellentesque viverra pede ac diam cras pellentesque volutpat dui maecenas tristique est et tempus semper est quam pharetra magna ac consequat', 4287, '2021-09-25'),
    (43, 'morbi', 'praesent id massa id nisl venenatis lacinia aenean sit amet justo morbi ut odio cras mi pede malesuada in imperdiet et commodo vulputate', 4405, '2021-09-04'),
    (19, 'iaculis congue vivamus', 'diam vitae quam suspendisse potenti nullam porttitor lacus at turpis donec posuere metus vitae ipsum aliquam non mauris morbi non lectus aliquam sit amet diam in magna', 6494, '2021-08-21'),
    (11, 'nunc', 'tellus in sagittis dui vel nisl duis ac nibh fusce lacus purus aliquet at feugiat non pretium quis lectus', 5539, '2021-09-07'),
    (22, 'laoreet ut', 'elementum in hac habitasse platea dictumst morbi vestibulum velit id pretium iaculis', 690, '2022-02-20'),
    (67, 'nunc', 'ut volutpat sapien arcu sed augue aliquam erat volutpat in congue etiam justo etiam pretium iaculis justo in hac habitasse platea', 4431, '2022-04-30'),
    (97, 'volutpat convallis morbi', 'curae donec pharetra magna vestibulum aliquet ultrices erat tortor sollicitudin mi sit amet lobortis sapien sapien non mi', 6638, '2022-05-22'),
    (13, 'diam vitae quam', 'massa volutpat convallis morbi odio odio elementum eu interdum eu tincidunt in leo maecenas pulvinar', 2051, '2021-12-27'),
    (39, 'lacinia sapien quis', 'duis aliquam convallis nunc proin at turpis a pede posuere nonummy integer non velit donec diam neque vestibulum eget vulputate ut ultrices vel', 2048, '2022-01-06'),
    (85, 'nulla tellus', 'pharetra magna ac consequat metus sapien ut nunc vestibulum ante ipsum primis in faucibus orci luctus et ultrices posuere cubilia curae mauris viverra diam vitae', 793, '2022-03-16'),
    (93, 'a odio in', 'donec quis orci eget orci vehicula condimentum curabitur in libero ut massa volutpat convallis morbi odio odio elementum eu interdum eu', 5642, '2022-02-12'),
    (42, 'congue', 'eu magna vulputate luctus cum sociis natoque penatibus et magnis dis parturient montes nascetur', 4193, '2021-10-19'),
    (42, 'volutpat dui maecenas', 'vivamus vel nulla eget eros elementum pellentesque quisque porta volutpat erat quisque erat eros viverra eget congue eget semper', 3000, '2021-08-13'),
    (14, 'nisi', 'eros suspendisse accumsan tortor quis turpis sed ante vivamus tortor duis mattis egestas metus aenean fermentum donec ut mauris', 558, '2021-07-18'),
    (70, 'massa', 'libero nullam sit amet turpis elementum ligula vehicula consequat morbi a ipsum integer a nibh in quis', 6874, '2021-07-31'),
    (32, 'nisi venenatis tristique', 'pede justo eu massa donec dapibus duis at velit eu est congue elementum in hac habitasse platea dictumst', 1026, '2022-03-29'),
    (36, 'augue vestibulum', 'quis orci nullam molestie nibh in lectus pellentesque at nulla suspendisse potenti cras in purus eu magna vulputate luctus cum sociis natoque penatibus et magnis dis parturient montes', 5906, '2021-06-06'),
    (55, 'praesent lectus', 'et magnis dis parturient montes nascetur ridiculus mus vivamus vestibulum sagittis sapien cum sociis natoque penatibus et magnis dis parturient montes nascetur ridiculus mus etiam', 2288, '2022-05-02'),
    (5, 'mi', 'arcu adipiscing molestie hendrerit at vulputate vitae nisl aenean lectus pellentesque eget nunc donec quis orci eget orci', 602, '2021-12-16'),
    (83, 'proin at turpis', 'id massa id nisl venenatis lacinia aenean sit amet justo morbi ut odio cras', 6369, '2021-11-27'),
    (41, 'mi', 'in felis eu sapien cursus vestibulum proin eu mi nulla ac enim in tempor turpis nec euismod scelerisque quam turpis adipiscing lorem vitae mattis nibh', 6855, '2021-06-13'),
    (56, 'sapien', 'quis augue luctus tincidunt nulla mollis molestie lorem quisque ut erat curabitur gravida nisi at nibh in hac habitasse platea dictumst aliquam augue quam sollicitudin', 4029, '2021-12-05'),
    (32, 'interdum venenatis turpis', 'venenatis tristique fusce congue diam id ornare imperdiet sapien urna pretium', 1638, '2021-11-19'),
    (71, 'tempus', 'luctus tincidunt nulla mollis molestie lorem quisque ut erat curabitur gravida nisi at nibh in hac habitasse platea dictumst aliquam augue quam sollicitudin vitae consectetuer eget rutrum at lorem', 5853, '2021-08-13'),
    (24, 'augue vel', 'nec molestie sed justo pellentesque viverra pede ac diam cras pellentesque volutpat dui maecenas tristique est et tempus semper est', 2197, '2022-02-15'),
    (28, 'eget eros elementum', 'sagittis dui vel nisl duis ac nibh fusce lacus purus aliquet at feugiat non pretium', 4514, '2022-02-15'),
    (21, 'erat quisque erat', 'ut massa quis augue luctus tincidunt nulla mollis molestie lorem quisque ut erat curabitur gravida nisi at nibh in', 4626, '2022-01-22'),
    (49, 'pede', 'varius integer ac leo pellentesque ultrices mattis odio donec vitae nisi nam ultrices libero non mattis pulvinar nulla pede ullamcorper augue a', 5189, '2021-11-09'),
    (28, 'eget tempus vel', 'vestibulum vestibulum ante ipsum primis in faucibus orci luctus et ultrices posuere cubilia curae nulla dapibus dolor vel est', 6054, '2021-08-21'),
    (59, 'eu nibh', 'in ante vestibulum ante ipsum primis in faucibus orci luctus et ultrices', 1329, '2022-05-23'),
    (21, 'nunc rhoncus dui', 'placerat ante nulla justo aliquam quis turpis eget elit sodales scelerisque mauris sit amet eros', 5794, '2022-05-17'),
    (50, 'at', 'augue a suscipit nulla elit ac nulla sed vel enim sit amet nunc viverra dapibus nulla suscipit ligula in lacus curabitur at ipsum', 6365, '2021-06-06'),
    (32, 'turpis sed ante', 'mi nulla ac enim in tempor turpis nec euismod scelerisque quam turpis adipiscing lorem vitae mattis nibh ligula nec sem duis aliquam convallis nunc proin at', 864, '2022-01-25'),
    (75, 'est congue', 'et ultrices posuere cubilia curae mauris viverra diam vitae quam suspendisse potenti', 2926, '2022-03-05'),
    (89, 'habitasse platea', 'ridiculus mus vivamus vestibulum sagittis sapien cum sociis natoque penatibus et magnis dis parturient montes nascetur ridiculus mus etiam vel augue vestibulum', 1292, '2021-11-12'),
    (80, 'eros suspendisse', 'aliquet ultrices erat tortor sollicitudin mi sit amet lobortis sapien sapien non mi integer ac neque duis bibendum morbi non quam nec dui luctus rutrum nulla', 6322, '2021-09-01'),
    (10, 'ligula nec sem', 'vivamus in felis eu sapien cursus vestibulum proin eu mi nulla ac enim in tempor turpis', 2907, '2022-04-04'),
    (92, 'lacinia erat vestibulum', 'pede justo eu massa donec dapibus duis at velit eu est congue elementum in', 4754, '2021-09-16'),
    (91, 'elit', 'lacinia nisi venenatis tristique fusce congue diam id ornare imperdiet sapien urna pretium nisl ut volutpat sapien arcu sed augue aliquam erat volutpat in congue etiam justo etiam pretium iaculis', 1735, '2021-05-27'),
    (98, 'ut nunc', 'non mauris morbi non lectus aliquam sit amet diam in magna bibendum imperdiet nullam orci pede venenatis non sodales sed tincidunt eu felis fusce posuere felis sed lacus morbi sem', 1798, '2021-09-07'),
    (29, 'turpis enim blandit', 'consequat ut nulla sed accumsan felis ut at dolor quis odio consequat varius integer ac leo pellentesque ultrices mattis odio donec vitae nisi nam ultrices libero', 3622, '2021-12-01'),
    (87, 'nec molestie sed', 'bibendum morbi non quam nec dui luctus rutrum nulla tellus in sagittis dui vel nisl duis ac nibh fusce', 2413, '2021-09-10'),
    (77, 'aliquet pulvinar sed', 'habitasse platea dictumst aliquam augue quam sollicitudin vitae consectetuer eget', 6339, '2021-12-04'),
    (15, 'quam sollicitudin vitae', 'mauris ullamcorper purus sit amet nulla quisque arcu libero rutrum ac lobortis vel dapibus at diam nam tristique tortor eu', 966, '2022-02-19'),
    (36, 'vivamus', 'mi sit amet lobortis sapien sapien non mi integer ac neque duis bibendum morbi non quam nec dui luctus rutrum nulla', 6032, '2022-02-18'),
    (81, 'tincidunt eu', 'nunc viverra dapibus nulla suscipit ligula in lacus curabitur at ipsum ac tellus semper', 4488, '2021-11-24'),
    (35, 'vel nisl', 'elementum pellentesque quisque porta volutpat erat quisque erat eros viverra eget congue eget semper rutrum nulla nunc purus phasellus in felis', 3803, '2022-01-12'),
    (17, 'nulla', 'ut rhoncus aliquet pulvinar sed nisl nunc rhoncus dui vel sem', 4272, '2022-02-13'),
    (40, 'ut tellus nulla', 'ultrices posuere cubilia curae nulla dapibus dolor vel est donec odio justo sollicitudin ut suscipit a feugiat et eros vestibulum ac est lacinia nisi venenatis tristique fusce', 5309, '2021-07-21'),
    (57, 'nisi', 'enim blandit mi in porttitor pede justo eu massa donec dapibus duis at velit eu est congue elementum in hac habitasse platea dictumst morbi vestibulum', 3100, '2021-12-07'),
    (81, 'nibh', 'non pretium quis lectus suspendisse potenti in eleifend quam a odio in hac habitasse platea dictumst maecenas ut', 4902, '2021-12-05'),
    (5, 'euismod scelerisque', 'dolor quis odio consequat varius integer ac leo pellentesque ultrices mattis odio', 3801, '2021-09-12'),
    (49, 'amet', 'accumsan tellus nisi eu orci mauris lacinia sapien quis libero nullam sit amet turpis elementum ligula vehicula consequat morbi a ipsum integer a nibh in quis justo maecenas rhoncus', 4287, '2021-10-19'),
    (54, 'nec', 'magna bibendum imperdiet nullam orci pede venenatis non sodales sed tincidunt eu felis fusce posuere felis sed lacus morbi sem mauris laoreet ut rhoncus aliquet', 3878, '2021-09-22'),
    (23, 'tortor duis mattis', 'lorem vitae mattis nibh ligula nec sem duis aliquam convallis nunc proin at turpis a pede posuere nonummy', 5474, '2022-05-05'),
    (59, 'molestie lorem', 'mi pede malesuada in imperdiet et commodo vulputate justo in blandit ultrices enim lorem ipsum dolor sit amet consectetuer adipiscing elit proin interdum mauris non', 5916, '2022-03-28'),
    (71, 'in faucibus', 'nisl aenean lectus pellentesque eget nunc donec quis orci eget', 5790, '2021-11-21'),
    (48, 'justo sollicitudin ut', 'tristique fusce congue diam id ornare imperdiet sapien urna pretium nisl', 5131, '2022-03-06'),
    (68, 'faucibus orci luctus', 'congue etiam justo etiam pretium iaculis justo in hac habitasse platea dictumst etiam faucibus cursus', 2244, '2022-01-23'),
    (99, 'vivamus in', 'justo sollicitudin ut suscipit a feugiat et eros vestibulum ac est lacinia nisi venenatis tristique fusce congue diam id ornare imperdiet sapien urna pretium nisl ut volutpat sapien', 5875, '2022-05-19'),
    (69, 'eros elementum pellentesque', 'vivamus tortor duis mattis egestas metus aenean fermentum donec ut mauris eget massa tempor convallis nulla neque libero convallis eget eleifend luctus ultricies eu', 5957, '2022-01-26'),
    (2, 'mi sit amet', 'tortor id nulla ultrices aliquet maecenas leo odio condimentum id luctus nec molestie sed justo pellentesque viverra pede ac diam cras pellentesque volutpat dui', 6632, '2021-10-29'),
    (99, 'pretium', 'penatibus et magnis dis parturient montes nascetur ridiculus mus etiam vel augue vestibulum rutrum rutrum neque aenean auctor', 807, '2022-05-09'),
    (25, 'amet nunc viverra', 'semper rutrum nulla nunc purus phasellus in felis donec semper sapien a libero nam', 6437, '2021-11-27');

INSERT INTO Abbonamento (nome, costo_mensile, descrizione) VALUES 
        ('FREE', 00.00, 'Abbonamento gratuito che permette unicamente la riproduzione di brani e podcast con interruzioni pubblicitarie'),
        ('PREMIUM', 09.99, 'Abbonamento consente la riproduzione di contenuti senza alcuna interruzione pubblicitaria e a possibilit di creare playlist personalizzate');

INSERT INTO Playlist (playlist_id, nome, descrizione, data_creazione, utente) VALUES 
    ('XnKB6kBrsk', 'pulvinar', 'Quisque erat eros, viverra eget, congue eget.', '2021/10/05', 'msier0@fotki.com'),
    ('CHgTNybOOK', 'turpis', 'In blandit ultrices enim.', '2021/06/09', 'aabbie1@goodreads.com'),
    ('pL5YO4V8cg', 'luctus', 'Quisque arcu libero, rutrum ac, lobortis vel, dapibus at, diam.', '2020/04/22', 'aabbie1@goodreads.com'),
    ('cea8RZosmz', 'at ipsum', 'Duis bibendum.', '2021/07/21', 'dscholfield2@opera.com'),
    ('rmj1faqoXl', 'ullamcorper', 'Nam tristique tortor eu pede.', '2020/05/17', 'dscholfield2@opera.com'),
    ('0fPsSWTnz4', 'sapien ut', 'Curabitur convallis.', '2021/04/21', 'dscholfield2@opera.com'),
    ('nOg4iT34TL', 'pulvinar sed', 'Donec ut mauris eget massa tempor convallis.', '2020/01/13', 'msier0@fotki.com'),
    ('wIMkXD9AAz', 'pellentesque viverra pede', 'Donec odio justo, sollicitudin ut, suscipit a, feugiat et, eros.', '2021/09/27', 'kmalyj4@adobe.com'),
    ('avhrB429Mr', 'lacus', 'Mauris enim leo, rhoncus sed, vestibulum sit amet, cursus id, turpis.', '2022/04/07', 'kmalyj4@adobe.com'),
    ('27YKVtYhpn', 'rutrum neque', 'Duis at velit eu est congue elementum.', '2020/01/05', 'tluetkemeyer5@discuz.net'),
    ('oCSHyvTtRP', 'suscipit a', 'Suspendisse ornare consequat lectus.', '2022/04/28', 'ydorton6@disqus.com'),
    ('gIVfB3wkgn', 'aliquet massa', 'Vivamus tortor.', '2022/01/23', 'ydorton6@disqus.com'),
    ('UbiiTIyTJS', 'platea dictumst', 'Cras mi pede, malesuada in, imperdiet et, commodo vulputate, justo.', '2020/07/23', 'ydorton6@disqus.com'),
    ('49ILNbEFEH', 'non mi', 'Integer a nibh.', '2021/11/09', 'ydorton6@disqus.com'),
    ('GhL2Kx4yti', 'nonummy', 'Vestibulum ante ipsum primis in faucibus orci luctus et ultrices posuere cubilia Curae, Mauris viverra diam vitae quam.', '2021/08/25', 'jgaythwaite7@whitehouse.gov'),
    ('oGjoGgRa2U', 'a suscipit nulla', 'Suspendisse potenti.', '2020/04/16', 'jgaythwaite7@whitehouse.gov'),
    ('1jGL0GxHvJ', 'accumsan', 'Proin interdum mauris non ligula pellentesque ultrices.', '2021/05/03', 'jgaythwaite7@whitehouse.gov'),
    ('jQ5z5X1KRK', 'justo sollicitudin', 'Aenean lectus.', '2021/07/18', 'ksecret8@t-online.de'),
    ('tjbKWeNEnh', 'non interdum', 'Vivamus vestibulum sagittis sapien.', '2021/08/08', 'ksecret8@t-online.de'),
    ('H51uTmLAjc', 'ante', 'Donec ut dolor.', '2021/07/22', 'ksecret8@t-online.de'),
    ('pkf6XXRPrZ', 'donec posuere', 'Vestibulum ante ipsum primis in faucibus orci luctus et ultrices posuere cubilia Curae, Donec pharetra, magna vestibulum aliquet ultrices, erat tortor sollicitudin mi, sit amet lobortis sapien sapien non mi.', '2021/06/06', 'grosenhaupta@jalbum.net'),
    ('lT1HMciH1s', 'aliquam augue quam', 'Proin eu mi.', '2020/11/07', 'grosenhaupta@jalbum.net'),
    ('ffjvxGTJea', 'sed', 'Donec posuere metus vitae ipsum.', '2020/09/07', 'grosenhaupta@jalbum.net'),
    ('TLDA9noEnV', 'in', 'Proin leo odio, porttitor id, consequat in, consequat ut, nulla.', '2020/05/17', 'jcriminb@economist.com');

INSERT INTO Contenuto_playlist(playlist, titolo, album) VALUES
    ('XnKB6kBrsk', 'purus', 1),
    ('XnKB6kBrsk', 'vitae', 1),
    ('XnKB6kBrsk', 'ultrices posuere cubilia', 4),
    ('XnKB6kBrsk', 'luctus et', 9),
    ('XnKB6kBrsk', 'nisi venenatis', 13),
    ('CHgTNybOOK', 'eget', 9),
    ('CHgTNybOOK', 'duis bibendum felis', 10),
    ('CHgTNybOOK', 'pede posuere nonummy', 13),
    ('CHgTNybOOK', 'eu nibh', 14),
    ('CHgTNybOOK', 'rutrum', 18),
    ('CHgTNybOOK', 'nulla suscipit ligula', 22),
    ('CHgTNybOOK', 'sagittis', 24),
    ('pL5YO4V8cg', 'sagittis', 24),
    ('pL5YO4V8cg', 'rutrum', 18),
    ('cea8RZosmz',  null, null),
    ('rmj1faqoXl', 'pede posuere nonummy', 13),
    ('rmj1faqoXl', 'dignissim', 12),
    ('rmj1faqoXl', 'integer ac', 16),
    ('0fPsSWTnz4', 'in blandit', 16),
    ('0fPsSWTnz4', 'vulputate luctus', 19),
    ('0fPsSWTnz4', 'bibendum', 95),
    ('nOg4iT34TL', 'eu nibh', 14),
    ('wIMkXD9AAz', 'eleifend quam', 31),
    ('wIMkXD9AAz', 'diam', 44),
    ('wIMkXD9AAz', 'quis lectus suspendisse', 48),
    ('wIMkXD9AAz', 'ultrices', 50),
    ('avhrB429Mr', 'donec ut', 50),
    ('avhrB429Mr', 'cubilia', 55),
    ('27YKVtYhpn',  null, null),
    ('oCSHyvTtRP', 'nec nisi', 59),
    ('oCSHyvTtRP', 'sagittis', 24),
    ('oCSHyvTtRP', 'integer ac', 16),
    ('gIVfB3wkgn', 'eleifend quam', 31),
    ('gIVfB3wkgn', 'vestibulum vestibulum', 63),
    ('gIVfB3wkgn', 'sg4mi', 65),
    ('gIVfB3wkgn', 'mafia', 69),
    ('gIVfB3wkgn', 'nisi', 71),
    ('UbiiTIyTJS', 'dignissim', 12),
    ('49ILNbEFEH', 'sapien', 74),
    ('49ILNbEFEH', 'justo pellentesque viverra', 76),
    ('49ILNbEFEH', 'dui vel nisl', 78),
    ('49ILNbEFEH', 'bibendum', 95),
    ('GhL2Kx4yti', 'vulputate luctus', 19),
    ('GhL2Kx4yti', 'ultrices', 50),
    ('oGjoGgRa2U', 'dui vel nisl', 78),
    ('oGjoGgRa2U', 'eget', 79),
    ('oGjoGgRa2U', 'penatibus', 81),
    ('1jGL0GxHvJ', 'leo', 82),
    ('1jGL0GxHvJ', 'morbi', 86),
    ('1jGL0GxHvJ', 'eu', 88),
    ('1jGL0GxHvJ', 'justo pellentesque', 90),
    ('jQ5z5X1KRK', 'eu', 88),
    ('tjbKWeNEnh', 'sg4mi', 65),
    ('H51uTmLAjc', 'justo pellentesque viverra', 76),
    ('H51uTmLAjc', 'leo', 82),
    ('lT1HMciH1s', 'morbi', 86),
    ('ffjvxGTJea', 'justo pellentesque', 90),
    ('TLDA9noEnV', 'facilisi', 91);

INSERT INTO piano (utente, inizio_piano, fine_piano, abbonamento) VALUES 
    ('msier0@fotki.com', '2021-07-17', '2022-03-23', 'PREMIUM'),
    ('aabbie1@goodreads.com', '2022-01-01', '2022-03-11', 'FREE'),
    ('dscholfield2@opera.com', '2022-02-10', '2022-04-02', 'FREE'),
    ('pspellacey3@issuu.com', '2022-04-13', '2022-06-03', 'PREMIUM'),
    ('kmalyj4@adobe.com', '2022-01-03', '2022-05-30', 'PREMIUM'),
    ('tluetkemeyer5@discuz.net', '2022-03-01', '2022-04-21', 'FREE'),
    ('ksecret8@t-online.de', '2021-03-29', '2022-05-05', 'PREMIUM'),
    ('ogriniove@sakura.ne.jp', '2021-10-29', '2021-12-02', 'PREMIUM'),
    ('afoxallf@twitter.com', '2021-06-06', '2021-12-03', 'PREMIUM'),
    ('ahuycheg@geocities.jp', '2021-04-04', '2021-10-30', 'PREMIUM'),
    ('jkermith@wunderground.com', '2021-02-02', '2021-09-17', 'PREMIUM'),
    ('escoblei@weebly.com', '2021-01-26', '2021-09-02', 'PREMIUM'),
    ('jtimlettj@sourceforge.net', '2021-04-21', '2021-09-20', 'PREMIUM'),
    ('wmalyk@hubpages.com', '2022-02-14', '2022-05-28', 'PREMIUM'),
    ('ljowittn@bloglovin.com', '2021-08-21', '2021-10-17', 'PREMIUM'),
    ('esyslands@dailymail.co.uk', '2021-07-26', '2021-09-16', 'PREMIUM'),
    ('darstallt@house.gov', '2021-11-20', '2022-02-06', 'PREMIUM'),
    ('mokelleheru@networkadvertising.org', '2021-02-11', '2021-08-12', 'PREMIUM'),
    ('lpinkettw@theglobeandmail.com', '2021-02-03', '2021-08-07', 'FREE'),
    ('lboughtflowerx@cdc.gov', '2021-04-21', '2021-06-29', 'FREE'),
    ('oshankliny@domainmarket.com', '2021-07-01', '2021-10-05', 'FREE'),
    ('bsimoneau10@google.ca', '2022-01-12', '2022-03-16', 'PREMIUM'),
    ('jtayt11@marketwatch.com', '2021-07-07', '2022-02-15', 'PREMIUM'),
    ('rolsson12@arizona.edu', '2022-03-16', '2022-05-22', 'PREMIUM'),
    ('sblamphin13@yahoo.co.jp', '2021-11-06', '2022-05-10', 'PREMIUM'),
    ('gheatherington14@cloudflare.com', '2021-07-09', '2022-06-11', 'PREMIUM'),
    ('hrousel17@nytimes.com', '2021-07-17', '2022-03-10', 'FREE'),
    ('blandon18@soup.io', '2021-08-25', '2021-10-12', 'PREMIUM'),
    ('manderbrugge19@vistaprint.com', '2021-09-07', '2021-12-09', 'FREE'),
    ('dcooney1a@drupal.org', '2021-04-04', '2021-11-15', 'FREE'),
    ('lstothert1b@scientificamerican.com', '2021-05-06', '2021-06-30', 'FREE'),
    ('ehuxley1d@icq.com', '2021-09-03', '2021-10-05', 'PREMIUM'),
    ('cdelleschi1e@nbcnews.com', '2021-08-28', '2021-10-31', 'PREMIUM'),
    ('brawne1g@mozilla.org', '2021-09-23', '2021-12-24', 'FREE'),
    ('escammell1h@rakuten.co.jp', '2021-06-17', '2022-04-06', 'PREMIUM'),
    ('wbernucci1i@trellian.com', '2022-01-06', '2022-03-18', 'FREE'),
    ('sbeltzner1j@chicagotribune.com', '2021-09-27', '2021-11-15', 'PREMIUM'),
    ('adargie1l@g.co', '2022-01-27', '2022-03-27', 'FREE'),
    ('lgreenley1o@state.tx.us', '2021-01-21', '2021-03-07', 'FREE'),
    ('abroadey1p@toplist.cz', '2021-11-12', '2021-12-12', 'PREMIUM'),
    ('amcgraffin1q@upenn.edu', '2021-11-07', '2022-05-27', 'PREMIUM'),
    ('jchattoe1r@cdc.gov', '2021-07-24', '2022-04-18', 'FREE'),
    ('yolkowicz1s@webnode.com', '2021-07-06', '2022-01-29', 'FREE'),
    ('cflewitt1t@bloomberg.com', '2021-03-19', '2021-09-02', 'PREMIUM'),
    ('cholde1w@wikipedia.org', '2021-10-17', '2021-11-19', 'PREMIUM'),
    ('asqueers21@statcounter.com', '2021-05-30', '2021-07-24', 'PREMIUM'),
    ('abrownlee22@berkeley.edu', '2022-01-07', '2022-03-08', 'FREE'),
    ('bdelph23@myspace.com', '2021-10-30', '2022-04-19', 'PREMIUM'),
    ('dadamo25@sbwire.com', '2022-02-10', '2022-06-04', 'PREMIUM'),
    ('sparade26@domainmarket.com', '2021-07-13', '2021-08-16', 'FREE'),
    ('dtipping27@vkontakte.ru', '2022-02-24', '2022-09-20', 'FREE'),
    ('ishimwell29@typepad.com', '2021-08-18', '2021-11-29', 'FREE'),
    ('cpetran2b@blog.com', '2022-05-11', '2022-11-14', 'PREMIUM'),
    ('mbrewster2c@google.co.uk', '2021-10-20', '2022-03-08', 'PREMIUM'),
    ('lkinglesyd2e@vk.com', '2022-02-08', '2022-10-29', 'FREE'),
    ('fluciano2f@shareasale.com', '2021-12-15', '2022-01-21', 'PREMIUM'),
    ('ehawkswood2h@google.co.uk', '2021-09-04', '2022-05-12', 'PREMIUM'),
    ('pbysh2j@de.vu', '2021-10-07', '2022-01-08', 'PREMIUM'),
    ('dgeorgius2k@miibeian.gov.cn', '2021-09-04', '2021-12-16', 'PREMIUM'),
    ('glyte2l@oakley.com', '2021-08-07', '2022-04-16', 'FREE'),
    ('mgorton2m@angelfire.com', '2021-08-28', '2021-10-05', 'PREMIUM'),
    ('nrogerson2o@sitemeter.com', '2021-10-01', '2022-03-05', 'PREMIUM'),
    ('rpetrolli2p@apache.org', '2021-06-04', '2021-07-09', 'FREE'),
    ('ifocke2q@wp.com', '2021-06-19', '2022-03-12', 'FREE'),
    ('ydorton6@disqus.com', '2021-02-13', '2021-08-22', 'PREMIUM'),
    ('jgaythwaite7@whitehouse.gov', '2021-02-25', '2021-08-27', 'PREMIUM'),
    ('iespy9@reuters.com', '2022-01-18', '2022-03-30', 'PREMIUM'),
    ('grosenhaupta@jalbum.net', '2021-08-28', '2022-03-25', 'PREMIUM'),
    ('lshanksc@dropbox.com', '2021-08-19', '2021-10-29', 'PREMIUM'),
    ('fnastd@usatoday.com', '2021-01-29', '2021-11-10', 'PREMIUM'),
    ('cmenisl@cdc.gov', '2022-01-10', '2022-04-30', 'PREMIUM'),
    ('lfollinm@nationalgeographic.com', '2021-07-11', '2022-02-22', 'FREE'),
    ('bwhitmarsho@reference.com', '2021-07-25', '2021-09-28', 'FREE'),
    ('jlumlyp@yellowbook.com', '2021-08-19', '2021-10-31', 'FREE'),
    ('zjeppsq@elegantthemes.com', '2021-08-05', '2021-11-24', 'FREE'),
    ('hhallorr@house.gov', '2022-01-02', '2022-03-21', 'FREE'),
    ('lwellerv@huffingtonpost.com', '2022-01-16', '2022-03-06', 'FREE'),
    ('gisacqz@google.co.uk', '2021-06-18', '2022-04-06', 'FREE'),
    ('charbin15@bloglines.com', '2021-06-16', '2021-10-05', 'FREE'),
    ('sduns16@google.com.br', '2021-07-06', '2021-10-16', 'PREMIUM'),
    ('charradence1c@friendfeed.com', '2021-07-22', '2022-03-27', 'PREMIUM'),
    ('rneligan1f@kickstarter.com', '2021-06-10', '2021-08-29', 'PREMIUM'),
    ('abickerton1k@storify.com', '2021-09-07', '2022-01-30', 'PREMIUM'),
    ('owhiffin1m@odnoklassniki.ru', '2022-01-25', '2022-03-20', 'PREMIUM'),
    ('dobray1n@topsy.com', '2021-04-21', '2021-11-03', 'PREMIUM'),
    ('mlorens1u@pen.io', '2021-03-04', '2021-07-20', 'PREMIUM'),
    ('cianetti1v@yandex.ru', '2021-06-29', '2021-08-15', 'FREE'),
    ('fflewett1x@loc.gov', '2021-12-28', '2022-04-05', 'PREMIUM'),
    ('awethered1y@globo.com', '2021-09-04', '2022-05-25', 'PREMIUM'),
    ('gmcaleese1z@merriam-webster.com', '2021-03-11', '2021-11-27', 'FREE'),
    ('lcamelia20@addtoany.com', '2022-02-06', '2022-04-23', 'FREE'),
    ('ckiendl24@jigsy.com', '2020-12-20', '2021-10-20', 'PREMIUM'),
    ('rbeswell28@netscape.com', '2021-11-01', '2022-06-09', 'PREMIUM'),
    ('kbillborough2a@gmpg.org', '2022-01-03', '2022-02-08', 'FREE'),
    ('lpynn2d@last.fm', '2022-04-05', '2022-05-08', 'FREE'),
    ('lrabbe2g@godaddy.com', '2021-06-11', '2022-05-19', 'FREE'),
    ('jcockings2i@sun.com', '2021-10-04', '2022-03-29', 'FREE'),
    ('cpickersgill2n@oaic.gov.au', '2022-05-26', '2022-07-15', 'FREE'),
    ('dcolclough2r@issuu.com', '2021-09-28', '2021-11-29', 'FREE');

INSERT INTO categoria VALUES
    ('Drama', 'Cross-platform web-enabled projection'),
    ('Comedy', 'Vision-oriented homogeneous open system'),
    ('Sci-Fi', 'Grass-roots multi-state access'),
    ('Horror', 'Expanded foreground open system'),
    ('Romance', 'Function-based background framework'),
    ('Documentary', 'Virtual heuristic open architecture'),
    ('Thriller', 'Triple-buffered object-oriented firmware'),
    ('Crime', 'Persistent next generation access'),
    ('Animation', 'Balanced well-modulated attitude'),
    ('Action', 'Seamless zero administration model'),
    ('Fantasy', 'Multi-channelled client-server concept');

INSERT INTO Carta_di_credito (numero, cvv, intestatario, scadenza, circuito) VALUES 
    ('5002359495379072', 305, 'Teresa Moehler', '2024/08/31', 'visa'),
    ('5100139987452905', 453, 'Raviv Tildesley', '2025/05/06', 'mastercard'),
    ('5100143970462871', 287, 'Wiley Leydon', '2025/06/16', 'mastercard'),
    ('5100173669192703', 63, 'Kenneth Wettern', '2021/07/02', 'mastercard'),
    ('5002350946963820', 458, 'Jilleen Marcussen', '2024/11/09', 'mastercard'),
    ('5108759775604664', 637, 'Feliks Thrower', '2020/10/30', 'mastercard'),
    ('5373556897711817', 255, 'Jessi Szymanowicz', '2020/03/06', 'visa'),
    ('5010125284823301', 116, 'Jarret Ovid', '2023/05/18', 'visa'),
    ('5108750658341185', 212, 'Josephine Wurst', '2022/08/22', 'visa'),
    ('5002356194641042', 421, 'Marys Jope', '2020/01/23', 'mastercard'),
    ('5483873074208468', 512, 'Marcelle Frape', '2021/05/02', 'mastercard'),
    ('5505352321653374', 942, 'Yves O''Cleary', '2025/06/26', 'maestro'),
    ('5010126131171381', 773, 'Caralie Tidbold', '2023/08/27', 'mastercard'),
    ('5243549604773814', 35, 'Hana Andryszczak', '2025/07/19', 'mastercard'),
    ('5100139510246105', 333, 'Sigfrid Chorley', '2022/03/05', 'mastercard'),
    ('5326581689048374', 430, 'Hollis McFie', '2021/09/15', 'mastercard'),
    ('5007667035153848', 319, 'Carlina Puddefoot', '2023/11/19', 'maestro'),
    ('5108757758209139', 733, 'Caritta Ropartz', '2024/01/05', 'mastercard'),
    ('5544827703620516', 343, 'Genia Waterworth', '2024/06/24', 'visa'),
    ('5454938361951180', 729, 'Gail Dowdam', '2021/09/17', 'mastercard'),
    ('5100137378266587', 631, 'Morlee Milch', '2021/06/04', 'mastercard'),
    ('5010129511814687', 413, 'Teodorico Sloss', '2025/05/30', 'mastercard'),
    ('5133033481197838', 590, 'Bryce Caruth', '2021/02/18', 'maestro'),
    ('5010127253324196', 636, 'Leoline Barltrop', '2021/01/14', 'mastercard'),
    ('5100134671487846', 716, 'Rorke Crockett', '2020/10/28', 'mastercard'),
    ('5108754997301264', 582, 'Ella Lonergan', '2021/03/31', 'mastercard'),
    ('5002350116685955', 583, 'Siouxie Chazelas', '2025/08/29', 'maestro'),
    ('5002355463126214', 564, 'Byran Reeman', '2022/08/20', 'visa'),
    ('5100179582516878', 900, 'Brand Tynemouth', '2022/06/20', 'mastercard'),
    ('5100147297878784', 187, 'Hercules Penrose', '2024/01/09', 'mastercard'),
    ('5108547787987692', 991, 'Daphene McMahon', '2021/04/05', 'mastercard'),
    ('5158437682994960', 606, 'Kristopher Jindacek', '2022/07/01', 'maestro'),
    ('5575135060726930', 28, 'Winona Derycot', '2025/01/03', 'mastercard'),
    ('5002350020845083', 542, 'Walther Baumann', '2021/11/20', 'mastercard'),
    ('5048377755469371', 872, 'Terrye McCane', '2024/07/06', 'visa'),
    ('5498802523249560', 566, 'Kaja Isted', '2022/04/28', 'mastercard'),
    ('5345336642974167', 815, 'Gregorio Vaudrey', '2022/03/21', 'mastercard'),
    ('5100170828909399', 53, 'Pam McBride', '2021/09/13', 'maestro'),
    ('5100135732036217', 192, 'Mariam Edelheid', '2020/08/15', 'visa'),
    ('5010128561856002', 51, 'Fernande Staning', '2022/06/21', 'mastercard');

insert INTO podcast_categoria (podcast, categoria) VALUES 
    (1, 'Crime'),
    (2, 'Drama'),
    (3, 'Horror'),
    (4, 'Documentary'),
    (5, 'Thriller'),
    (6, 'Drama'),
    (7, 'Comedy'),
    (8, 'Horror'),
    (9, 'Action'),
    (10, 'Horror'),
    (11, 'Comedy'),
    (12, 'Documentary'),
    (13, 'Comedy'),
    (14, 'Thriller'),
    (15, 'Comedy'),
    (16, 'Horror'),
    (17, 'Crime'),
    (18, 'Horror'),
    (19, 'Animation'),
    (20, 'Crime'),
    (21, 'Horror'),
    (22, 'Drama'),
    (23, 'Horror'),
    (24, 'Crime'),
    (25, 'Comedy'),
    (26, 'Horror'),
    (27, 'Animation'),
    (28, 'Action'),
    (29, 'Documentary'),
    (30, 'Action'),
    (31, 'Documentary'),
    (32, 'Crime'),
    (33, 'Horror'),
    (34, 'Action'),
    (35, 'Animation'),
    (36, 'Crime'),
    (37, 'Horror'),
    (38, 'Action'),
    (39, 'Documentary'),
    (40, 'Action'),
    (41, 'Horror'),
    (42, 'Documentary'),
    (43, 'Sci-Fi'),
    (44, 'Action'),
    (45, 'Crime'),
    (46, 'Comedy'),
    (47, 'Crime'),
    (48, 'Horror'),
    (49, 'Animation'),
    (50, 'Action'),
    (51, 'Action'),
    (52, 'Action'),
    (53, 'Comedy'),
    (54, 'Comedy'),
    (55, 'Comedy'),
    (56, 'Sci-Fi'),
    (57, 'Documentary'),
    (58, 'Action'),
    (59, 'Drama'),
    (60, 'Thriller'),
    (61, 'Action'),
    (62, 'Horror'),
    (63, 'Action'),
    (64, 'Sci-Fi'),
    (65, 'Drama'),
    (66, 'Thriller'),
    (67, 'Horror'),
    (68, 'Horror'),
    (69, 'Thriller'),
    (70, 'Comedy'),
    (71, 'Documentary'),
    (72, 'Comedy'),
    (73, 'Drama'),
    (74, 'Documentary'),
    (75, 'Action'),
    (76, 'Drama'),
    (77, 'Horror'),
    (78, 'Documentary'),
    (79, 'Sci-Fi'),
    (80, 'Action'),
    (81, 'Drama'),
    (82, 'Comedy'),
    (83, 'Animation'),
    (84, 'Documentary'),
    (85, 'Thriller'),
    (86, 'Drama'),
    (87, 'Action'),
    (88, 'Thriller'),
    (89, 'Action'),
    (90, 'Horror'),
    (91, 'Crime'),
    (92, 'Horror'),
    (93, 'Action'),
    (94, 'Crime'),
    (95, 'Comedy'),
    (96, 'Horror'),
    (97, 'Documentary'),
    (98, 'Horror'),
    (99, 'Drama'),
    (100, 'Horror');

insert INTO dati_fatturazione (fatturazione_id, codice_fiscale, civico, via, citta, cap, stato, utente, carta_credito) VALUES 
    ('cfRIo0cBv5', 'AZSEBM36S06P361W', 93, 'Moulton Park', 'Al Mazraah ash Sharqyah', 66508, 'PS', 'msier0@fotki.com', '5002359495379072'),
    ('272OiurEd3', 'CCORCJ85U44A886W', 396, 'Village Green Road', 'Nkaia', 72756, 'GR', 'aabbie1@goodreads.com', '5100139987452905'),
    ('oszsXBdzGu', 'KOQOMI65T91A507A', 681, 'Sheridan Center', 'Oklahoma City', 36369, 'US', 'dscholfield2@opera.com', '5100143970462871'),
    ('DClcfMQrQg', 'DFVYXG20N62V120D', 4621, 'Russell Circle', 'Casuguran', 93818, 'PH', 'pspellacey3@issuu.com', '5100173669192703'),
    ('QYCuTXMXNX', 'DJNQIX89I15W550O', 352, 'Golden Leaf Lane', 'Buriram', 11592, 'TH', 'kmalyj4@adobe.com', '5002350946963820'),
    ('th4I8COSie', 'QDJIUW43Z50E364J', 077, 'Dayton Way', 'Philadelphia', 29434, 'US', 'tluetkemeyer5@discuz.net', '5108759775604664'),
    ('k5bK4WrbwG', 'PFJZOC38Y91Y535D', 408, 'Dryden Pass', 'Vaasa', 25055, 'FI', 'ksecret8@t-online.de', '5505352321653374'),
    ('GuHSFJXteo', 'BBKNYL56F42X724W', 054, 'Lighthouse Bay Park', 'Messni', 51524, 'GR', 'ogriniove@sakura.ne.jp', '5100137378266587'),
    ('1KWTWFG1gC', 'OCIYBM06T26K015Q', 4, 'Nova Street', 'Haiyanmiao', 77017, 'CN', 'afoxallf@twitter.com', '5108757758209139'),
    ('DQGN0AEpPV', 'UELMTQ28S05K902S', 0645, 'Kedzie Trail', 'Czarkw', 19765, 'PL', 'ahuycheg@geocities.jp', '5108547787987692'),
    ('94C9mO2l97', 'ULCERM60C11L319K', 031, 'Bashford Street', 'Mella', 43891, 'DO', 'jkermith@wunderground.com', '5010128561856002'),
    ('ulOFZL3UWv', 'XTCPIR72L15B364C', 8, 'Green Lane', 'Yokosuka', 19423, 'JP', 'escoblei@weebly.com', '5100135732036217'),
    ('hd8T30SusI', 'BGFLAG68Q08I444X', 824, 'Farmco Road', 'Haz-Zebbug', 97680, 'MT', 'jtimlettj@sourceforge.net', '5100170828909399'),
    ('zO3kEGKlwQ', 'WRAGBN82B47O844F', 072, 'Dapin Place', 'Ljungby', 20435, 'SE', 'wmalyk@hubpages.com', '5345336642974167'),
    ('jIL7Hxfnb3', 'VJTDMH79N37M430Q', 834, 'Goodland Lane', 'Lumsden', 82398, 'CA', 'ljowittn@bloglovin.com', '5498802523249560'),
    ('fQfhtEO6Cr', 'ZEHSXK05R20E525B', 412, 'Bashford Alley', 'Langdhia', 91119, 'GR', 'esyslands@dailymail.co.uk', '5048377755469371'),
    ('wEtnD6lhmh', 'HIMOVV04L19W004F', 78, 'Utah Court', 'La Rochelle', 38549, 'FR', 'darstallt@house.gov', '5002350020845083'),
    ('8gDMXlB8Mg', 'EAUQOY58N41H220S', 957, 'Laurel Road', 'San Carlos', 11723, 'CO', 'mokelleheru@networkadvertising.org', '5575135060726930'),
    ('Ok6Bel5inG', 'YUTBPA64A33O853C', 903, 'Jenifer Road', 'Vrby', 12302, 'SE', 'lpinkettw@theglobeandmail.com', '5158437682994960'),
    ('KJmAsIQVKV', 'IJJMTG17W62B643C', 65, 'Beilfuss Center', 'dach-da', 21472, 'JP', 'lboughtflowerx@cdc.gov', '5108547787987692');

INSERT INTO Pagamento (transazione_id, fatturazione_id, data_fattura, importo) VALUES 
    ('OBHCstEka0', 'cfRIo0cBv5', '2021-07-17', 79.92),
    ('spRrq6EQV5', '272OiurEd3', '2022-01-01', 00.00),
    ('spRrq7EQV5', '272OiurEd3', '2022-03-11', 00.00),
    ('mleZBnHdlz', 'oszsXBdzGu', '2022-02-10', 00.00),
    ('Yo9mRv4O2v', 'DClcfMQrQg', '2022-04-13', 19.98),
    ('ZwFMqyoLUL', 'QYCuTXMXNX', '2022-01-03', 39.96),
    ('AzFprKZKZu', 'th4I8COSie', '2022-03-01', 00.00),
    ('Oz3L3yjU0D', 'k5bK4WrbwG', '2021-03-29', 19.98),
    ('JrzUANq3Bb', 'GuHSFJXteo', '2021-10-29', 19.98),
    ('vIUceUpt0X', '1KWTWFG1gC', '2021-06-06', 59.94),
    ('iZeluk8TtA', 'DQGN0AEpPV', '2021-04-04', 59.94),
    ('7wUrf05QwX', '94C9mO2l97', '2021-02-02', 69.93),
    ('7wUrf06QwX', '94C9mO2l97', '2021-09-02', 09.99),
    ('7wUrf07QwX', '94C9mO2l97', '2021-10-02', 69.93),
    ('NDlNlMQtdR', 'ulOFZL3UWv', '2021-01-26', 79.92),
    ('zjp79OPJo3', 'hd8T30SusI', '2021-04-21', 00.00),
    ('iNdDOcHRA2', 'zO3kEGKlwQ', '2022-02-14', 00.00),
    ('PaPdZ3fOc9', 'jIL7Hxfnb3', '2021-08-21', 00.00),
    ('REcx7wvrvx', 'fQfhtEO6Cr', '2021-07-26', 19.98),
    ('UKl9ca94Nb', 'wEtnD6lhmh', '2021-02-11', 59.94),
    ('nRts8HbXWJ', '8gDMXlB8Mg', '2021-02-03', 00.00),
    ('I5v1KMaWLf', 'Ok6Bel5inG', '2021-04-21', 00.00),
    ('62xXDojX4R', 'KJmAsIQVKV', '2021-07-01', 00.00);

-- QUERY

-- 1 : Contare quante canzoni appartenenti ad uno stesso artista compaiono almeno due volte nelle playlist
    SELECT artista.nome_artista, count(canzone.titolo)
    FROM Contenuto_playlist, canzone, album, artista
    WHERE Contenuto_playlist.album = canzone.album
    AND contenuto_playlist.titolo = canzone.titolo
    AND canzone.album = album.album_id 
    AND album.artista = artista.mail
    GROUP BY artista.nome_artista
    HAVING count(canzone.titolo) > 1;

-- 2 : Contare quanti album ha pubblicato un artista e mostrare il suo nome
    SELECT artista.nome_artista, count(album.titolo) AS num_album
    FROM album, artista
    WHERE album.artista = artista.mail
    GROUP BY artista.nome_artista
	ORDER BY num_album ASC;

-- 3 : Mostrare il nome dell'album e dell'artista con il numero di canzoni in ordine decrescente
    SELECT album.titolo, artista.nome_artista, count(canzone.titolo) AS num_canzoni
    FROM album, artista, canzone
    WHERE album.artista = artista.mail
    AND album.album_id = canzone.album
    GROUP BY album.titolo, artista.nome_artista
    ORDER BY num_canzoni DESC;

-- 4 : Mostrare il nome del podcaster e del suo podcast con il numero di episodi in ordine decrescente
    SELECT podcaster.nome, podcast.nome_podcast, count(episodio.titolo) AS num_episodi
    FROM podcaster, podcast, episodio
    WHERE podcaster.mail = podcast.podcaster
    AND podcast.podcast_id = episodio.podcast
    GROUP BY podcaster.nome, podcast.nome_podcast
    ORDER BY num_episodi DESC;

-- 5 : Mostrare il nickname dell'utente e contare il numero di pagamenti effettuati
    SELECT utente.nickname, count(pagamento.transazione_id) AS num_pagamenti
    FROM utente, pagamento, dati_fatturazione
    WHERE utente.mail = dati_fatturazione.Utente
    AND dati_fatturazione.fatturazione_id = pagamento.fatturazione_id
    GROUP BY utente.nickname
    ORDER BY num_pagamenti DESC;

-- indice : creare un indice per la tabella canzone
    CREATE INDEX canzone_indice ON canzone (titolo, album);